date,product_id,product_name,category,units_sold,unit_price,revenue
2023-01-02,P001,Wireless Earbuds Pro,Electronics,10,29.99,299.9
2023-01-02,P002,Running Shoes X200,Footwear,5,59.99,299.95
2023-01-02,P003,Organic Green Tea (50 bags),Grocery,20,8.99,179.8
2023-01-02,P004,Yoga Mat Premium,Sports,3,24.99,74.97
2023-01-02,P005,USB-C Hub 7-in-1,Electronics,6,34.99,209.94
2023-01-02,P006,Protein Powder Vanilla 1kg,Health,13,39.99,519.87
2023-01-02,P007,Smart Water Bottle,Sports,7,19.99,139.93
2023-01-02,P008,Coffee Beans Premium 250g,Grocery,17,12.99,220.83
2023-01-02,P009,Resistance Band Set,Sports,7,14.99,104.93
2023-01-02,P010,Face Moisturiser SPF50,Beauty,6,18.99,113.94
2023-01-03,P001,Wireless Earbuds Pro,Electronics,7,29.99,209.93
2023-01-03,P002,Running Shoes X200,Footwear,5,59.99,299.95
2023-01-03,P003,Organic Green Tea (50 bags),Grocery,23,8.99,206.77
2023-01-03,P004,Yoga Mat Premium,Sports,3,24.99,74.97
2023-01-03,P005,USB-C Hub 7-in-1,Electronics,9,34.99,314.91
2023-01-03,P006,Protein Powder Vanilla 1kg,Health,7,39.99,279.93
2023-01-03,P007,Smart Water Bottle,Sports,7,19.99,139.93
2023-01-03,P008,Coffee Beans Premium 250g,Grocery,21,12.99,272.79
2023-01-03,P009,Resistance Band Set,Sports,7,14.99,104.93
2023-01-03,P010,Face Moisturiser SPF50,Beauty,17,18.99,322.83
2023-01-04,P001,Wireless Earbuds Pro,Electronics,13,29.99,389.87
2023-01-04,P002,Running Shoes X200,Footwear,2,59.99,119.98
2023-01-04,P003,Organic Green Tea (50 bags),Grocery,16,8.99,143.84
2023-01-04,P004,Yoga Mat Premium,Sports,8,24.99,199.92
2023-01-04,P005,USB-C Hub 7-in-1,Electronics,6,34.99,209.94
2023-01-04,P006,Protein Powder Vanilla 1kg,Health,9,39.99,359.91
2023-01-04,P007,Smart Water Bottle,Sports,11,19.99,219.89
2023-01-04,P008,Coffee Beans Premium 250g,Grocery,29,12.99,376.71
2023-01-04,P009,Resistance Band Set,Sports,4,14.99,59.96
2023-01-04,P010,Face Moisturiser SPF50,Beauty,11,18.99,208.89
2023-01-05,P001,Wireless Earbuds Pro,Electronics,10,29.99,299.9
2023-01-05,P002,Running Shoes X200,Footwear,9,59.99,539.91
2023-01-05,P003,Organic Green Tea (50 bags),Grocery,18,8.99,161.82
2023-01-05,P004,Yoga Mat Premium,Sports,5,24.99,124.95
2023-01-05,P005,USB-C Hub 7-in-1,Electronics,4,34.99,139.96
2023-01-05,P006,Protein Powder Vanilla 1kg,Health,12,39.99,479.88
2023-01-05,P007,Smart Water Bottle,Sports,10,19.99,199.9
2023-01-05,P008,Coffee Beans Premium 250g,Grocery,22,12.99,285.78
2023-01-05,P009,Resistance Band Set,Sports,12,14.99,179.88
2023-01-05,P010,Face Moisturiser SPF50,Beauty,13,18.99,246.87
2023-01-06,P001,Wireless Earbuds Pro,Electronics,13,29.99,389.87
2023-01-06,P002,Running Shoes X200,Footwear,8,59.99,479.92
2023-01-06,P003,Organic Green Tea (50 bags),Grocery,20,8.99,179.8
2023-01-06,P004,Yoga Mat Premium,Sports,10,24.99,249.9
2023-01-06,P005,USB-C Hub 7-in-1,Electronics,9,34.99,314.91
2023-01-06,P006,Protein Powder Vanilla 1kg,Health,12,39.99,479.88
2023-01-06,P007,Smart Water Bottle,Sports,3,19.99,59.97
2023-01-06,P008,Coffee Beans Premium 250g,Grocery,29,12.99,376.71
2023-01-06,P009,Resistance Band Set,Sports,6,14.99,89.94
2023-01-06,P010,Face Moisturiser SPF50,Beauty,11,18.99,208.89
2023-01-07,P001,Wireless Earbuds Pro,Electronics,14,29.99,419.86
2023-01-07,P002,Running Shoes X200,Footwear,7,59.99,419.93
2023-01-07,P003,Organic Green Tea (50 bags),Grocery,29,8.99,260.71
2023-01-07,P004,Yoga Mat Premium,Sports,5,24.99,124.95
2023-01-07,P005,USB-C Hub 7-in-1,Electronics,13,34.99,454.87
2023-01-07,P006,Protein Powder Vanilla 1kg,Health,17,39.99,679.83
2023-01-07,P007,Smart Water Bottle,Sports,5,19.99,99.95
2023-01-07,P008,Coffee Beans Premium 250g,Grocery,35,12.99,454.65
2023-01-07,P009,Resistance Band Set,Sports,6,14.99,89.94
2023-01-07,P010,Face Moisturiser SPF50,Beauty,14,18.99,265.86
2023-01-09,P001,Wireless Earbuds Pro,Electronics,10,29.99,299.9
2023-01-09,P002,Running Shoes X200,Footwear,2,59.99,119.98
2023-01-09,P003,Organic Green Tea (50 bags),Grocery,21,8.99,188.79
2023-01-09,P004,Yoga Mat Premium,Sports,8,24.99,199.92
2023-01-09,P005,USB-C Hub 7-in-1,Electronics,2,34.99,69.98
2023-01-09,P006,Protein Powder Vanilla 1kg,Health,14,39.99,559.86
2023-01-09,P007,Smart Water Bottle,Sports,5,19.99,99.95
2023-01-09,P008,Coffee Beans Premium 250g,Grocery,27,12.99,350.73
2023-01-09,P009,Resistance Band Set,Sports,16,14.99,239.84
2023-01-09,P010,Face Moisturiser SPF50,Beauty,11,18.99,208.89
2023-01-10,P001,Wireless Earbuds Pro,Electronics,6,29.99,179.94
2023-01-10,P002,Running Shoes X200,Footwear,11,59.99,659.89
2023-01-10,P003,Organic Green Tea (50 bags),Grocery,20,8.99,179.8
2023-01-10,P004,Yoga Mat Premium,Sports,5,24.99,124.95
2023-01-10,P005,USB-C Hub 7-in-1,Electronics,5,34.99,174.95
2023-01-10,P006,Protein Powder Vanilla 1kg,Health,6,39.99,239.94
2023-01-10,P007,Smart Water Bottle,Sports,11,19.99,219.89
2023-01-10,P008,Coffee Beans Premium 250g,Grocery,32,12.99,415.68
2023-01-10,P009,Resistance Band Set,Sports,4,14.99,59.96
2023-01-10,P010,Face Moisturiser SPF50,Beauty,7,18.99,132.93
2023-01-11,P001,Wireless Earbuds Pro,Electronics,10,29.99,299.9
2023-01-11,P002,Running Shoes X200,Footwear,10,59.99,599.9
2023-01-11,P003,Organic Green Tea (50 bags),Grocery,21,8.99,188.79
2023-01-11,P004,Yoga Mat Premium,Sports,4,24.99,99.96
2023-01-11,P005,USB-C Hub 7-in-1,Electronics,6,34.99,209.94
2023-01-11,P006,Protein Powder Vanilla 1kg,Health,14,39.99,559.86
2023-01-11,P007,Smart Water Bottle,Sports,12,19.99,239.88
2023-01-11,P008,Coffee Beans Premium 250g,Grocery,18,12.99,233.82
2023-01-11,P009,Resistance Band Set,Sports,16,14.99,239.84
2023-01-11,P010,Face Moisturiser SPF50,Beauty,11,18.99,208.89
2023-01-12,P001,Wireless Earbuds Pro,Electronics,15,29.99,449.85
2023-01-12,P002,Running Shoes X200,Footwear,4,59.99,239.96
2023-01-12,P003,Organic Green Tea (50 bags),Grocery,16,8.99,143.84
2023-01-12,P004,Yoga Mat Premium,Sports,1,24.99,24.99
2023-01-12,P005,USB-C Hub 7-in-1,Electronics,13,34.99,454.87
2023-01-12,P006,Protein Powder Vanilla 1kg,Health,9,39.99,359.91
2023-01-12,P007,Smart Water Bottle,Sports,6,19.99,119.94
2023-01-12,P008,Coffee Beans Premium 250g,Grocery,18,12.99,233.82
2023-01-12,P009,Resistance Band Set,Sports,8,14.99,119.92
2023-01-12,P010,Face Moisturiser SPF50,Beauty,3,18.99,56.97
2023-01-13,P001,Wireless Earbuds Pro,Electronics,5,29.99,149.95
2023-01-13,P002,Running Shoes X200,Footwear,6,59.99,359.94
2023-01-13,P003,Organic Green Tea (50 bags),Grocery,11,8.99,98.89
2023-01-13,P004,Yoga Mat Premium,Sports,5,24.99,124.95
2023-01-13,P005,USB-C Hub 7-in-1,Electronics,8,34.99,279.92
2023-01-13,P006,Protein Powder Vanilla 1kg,Health,13,39.99,519.87
2023-01-13,P007,Smart Water Bottle,Sports,5,19.99,99.95
2023-01-13,P008,Coffee Beans Premium 250g,Grocery,22,12.99,285.78
2023-01-13,P009,Resistance Band Set,Sports,10,14.99,149.9
2023-01-13,P010,Face Moisturiser SPF50,Beauty,11,18.99,208.89
2023-01-14,P001,Wireless Earbuds Pro,Electronics,10,29.99,299.9
2023-01-14,P002,Running Shoes X200,Footwear,8,59.99,479.92
2023-01-14,P003,Organic Green Tea (50 bags),Grocery,21,8.99,188.79
2023-01-14,P004,Yoga Mat Premium,Sports,5,24.99,124.95
2023-01-14,P005,USB-C Hub 7-in-1,Electronics,8,34.99,279.92
2023-01-14,P006,Protein Powder Vanilla 1kg,Health,17,39.99,679.83
2023-01-14,P007,Smart Water Bottle,Sports,8,19.99,159.92
2023-01-14,P008,Coffee Beans Premium 250g,Grocery,28,12.99,363.72
2023-01-14,P009,Resistance Band Set,Sports,8,14.99,119.92
2023-01-14,P010,Face Moisturiser SPF50,Beauty,15,18.99,284.85
2023-01-16,P001,Wireless Earbuds Pro,Electronics,10,29.99,299.9
2023-01-16,P002,Running Shoes X200,Footwear,9,59.99,539.91
2023-01-16,P003,Organic Green Tea (50 bags),Grocery,24,8.99,215.76
2023-01-16,P004,Yoga Mat Premium,Sports,4,24.99,99.96
2023-01-16,P005,USB-C Hub 7-in-1,Electronics,11,34.99,384.89
2023-01-16,P006,Protein Powder Vanilla 1kg,Health,15,39.99,599.85
2023-01-16,P007,Smart Water Bottle,Sports,9,19.99,179.91
2023-01-16,P008,Coffee Beans Premium 250g,Grocery,27,12.99,350.73
2023-01-16,P009,Resistance Band Set,Sports,8,14.99,119.92
2023-01-16,P010,Face Moisturiser SPF50,Beauty,16,18.99,303.84
2023-01-17,P001,Wireless Earbuds Pro,Electronics,10,29.99,299.9
2023-01-17,P002,Running Shoes X200,Footwear,7,59.99,419.93
2023-01-17,P003,Organic Green Tea (50 bags),Grocery,20,8.99,179.8
2023-01-17,P004,Yoga Mat Premium,Sports,4,24.99,99.96
2023-01-17,P005,USB-C Hub 7-in-1,Electronics,14,34.99,489.86
2023-01-17,P006,Protein Powder Vanilla 1kg,Health,8,39.99,319.92
2023-01-17,P007,Smart Water Bottle,Sports,7,19.99,139.93
2023-01-17,P008,Coffee Beans Premium 250g,Grocery,22,12.99,285.78
2023-01-17,P009,Resistance Band Set,Sports,9,14.99,134.91
2023-01-17,P010,Face Moisturiser SPF50,Beauty,12,18.99,227.88
2023-01-18,P001,Wireless Earbuds Pro,Electronics,15,29.99,449.85
2023-01-18,P002,Running Shoes X200,Footwear,4,59.99,239.96
2023-01-18,P003,Organic Green Tea (50 bags),Grocery,32,8.99,287.68
2023-01-18,P004,Yoga Mat Premium,Sports,5,24.99,124.95
2023-01-18,P005,USB-C Hub 7-in-1,Electronics,5,34.99,174.95
2023-01-18,P006,Protein Powder Vanilla 1kg,Health,12,39.99,479.88
2023-01-18,P007,Smart Water Bottle,Sports,7,19.99,139.93
2023-01-18,P008,Coffee Beans Premium 250g,Grocery,20,12.99,259.8
2023-01-18,P009,Resistance Band Set,Sports,6,14.99,89.94
2023-01-18,P010,Face Moisturiser SPF50,Beauty,14,18.99,265.86
2023-01-19,P001,Wireless Earbuds Pro,Electronics,7,29.99,209.93
2023-01-19,P002,Running Shoes X200,Footwear,3,59.99,179.97
2023-01-19,P003,Organic Green Tea (50 bags),Grocery,23,8.99,206.77
2023-01-19,P004,Yoga Mat Premium,Sports,5,24.99,124.95
2023-01-19,P005,USB-C Hub 7-in-1,Electronics,5,34.99,174.95
2023-01-19,P006,Protein Powder Vanilla 1kg,Health,9,39.99,359.91
2023-01-19,P007,Smart Water Bottle,Sports,9,19.99,179.91
2023-01-19,P008,Coffee Beans Premium 250g,Grocery,27,12.99,350.73
2023-01-19,P009,Resistance Band Set,Sports,11,14.99,164.89
2023-01-19,P010,Face Moisturiser SPF50,Beauty,9,18.99,170.91
2023-01-20,P001,Wireless Earbuds Pro,Electronics,11,29.99,329.89
2023-01-20,P002,Running Shoes X200,Footwear,6,59.99,359.94
2023-01-20,P003,Organic Green Tea (50 bags),Grocery,29,8.99,260.71
2023-01-20,P004,Yoga Mat Premium,Sports,6,24.99,149.94
2023-01-20,P005,USB-C Hub 7-in-1,Electronics,11,34.99,384.89
2023-01-20,P006,Protein Powder Vanilla 1kg,Health,7,39.99,279.93
2023-01-20,P007,Smart Water Bottle,Sports,8,19.99,159.92
2023-01-20,P008,Coffee Beans Premium 250g,Grocery,35,12.99,454.65
2023-01-20,P009,Resistance Band Set,Sports,4,14.99,59.96
2023-01-20,P010,Face Moisturiser SPF50,Beauty,12,18.99,227.88
2023-01-21,P001,Wireless Earbuds Pro,Electronics,11,29.99,329.89
2023-01-21,P002,Running Shoes X200,Footwear,8,59.99,479.92
2023-01-21,P003,Organic Green Tea (50 bags),Grocery,31,8.99,278.69
2023-01-21,P004,Yoga Mat Premium,Sports,6,24.99,149.94
2023-01-21,P005,USB-C Hub 7-in-1,Electronics,7,34.99,244.93
2023-01-21,P006,Protein Powder Vanilla 1kg,Health,13,39.99,519.87
2023-01-21,P007,Smart Water Bottle,Sports,9,19.99,179.91
2023-01-21,P008,Coffee Beans Premium 250g,Grocery,36,12.99,467.64
2023-01-21,P009,Resistance Band Set,Sports,19,14.99,284.81
2023-01-21,P010,Face Moisturiser SPF50,Beauty,13,18.99,246.87
2023-01-23,P001,Wireless Earbuds Pro,Electronics,7,29.99,209.93
2023-01-23,P002,Running Shoes X200,Footwear,4,59.99,239.96
2023-01-23,P003,Organic Green Tea (50 bags),Grocery,19,8.99,170.81
2023-01-23,P004,Yoga Mat Premium,Sports,6,24.99,149.94
2023-01-23,P005,USB-C Hub 7-in-1,Electronics,12,34.99,419.88
2023-01-23,P006,Protein Powder Vanilla 1kg,Health,12,39.99,479.88
2023-01-23,P007,Smart Water Bottle,Sports,6,19.99,119.94
2023-01-23,P008,Coffee Beans Premium 250g,Grocery,13,12.99,168.87
2023-01-23,P009,Resistance Band Set,Sports,13,14.99,194.87
2023-01-23,P010,Face Moisturiser SPF50,Beauty,19,18.99,360.81
2023-01-24,P001,Wireless Earbuds Pro,Electronics,11,29.99,329.89
2023-01-24,P002,Running Shoes X200,Footwear,5,59.99,299.95
2023-01-24,P003,Organic Green Tea (50 bags),Grocery,20,8.99,179.8
2023-01-24,P004,Yoga Mat Premium,Sports,4,24.99,99.96
2023-01-24,P005,USB-C Hub 7-in-1,Electronics,12,34.99,419.88
2023-01-24,P006,Protein Powder Vanilla 1kg,Health,7,39.99,279.93
2023-01-24,P007,Smart Water Bottle,Sports,6,19.99,119.94
2023-01-24,P008,Coffee Beans Premium 250g,Grocery,17,12.99,220.83
2023-01-24,P009,Resistance Band Set,Sports,19,14.99,284.81
2023-01-24,P010,Face Moisturiser SPF50,Beauty,7,18.99,132.93
2023-01-25,P001,Wireless Earbuds Pro,Electronics,13,29.99,389.87
2023-01-25,P002,Running Shoes X200,Footwear,4,59.99,239.96
2023-01-25,P003,Organic Green Tea (50 bags),Grocery,23,8.99,206.77
2023-01-25,P004,Yoga Mat Premium,Sports,7,24.99,174.93
2023-01-25,P005,USB-C Hub 7-in-1,Electronics,8,34.99,279.92
2023-01-25,P006,Protein Powder Vanilla 1kg,Health,14,39.99,559.86
2023-01-25,P007,Smart Water Bottle,Sports,8,19.99,159.92
2023-01-25,P008,Coffee Beans Premium 250g,Grocery,26,12.99,337.74
2023-01-25,P009,Resistance Band Set,Sports,10,14.99,149.9
2023-01-25,P010,Face Moisturiser SPF50,Beauty,14,18.99,265.86
2023-01-26,P001,Wireless Earbuds Pro,Electronics,6,29.99,179.94
2023-01-26,P002,Running Shoes X200,Footwear,9,59.99,539.91
2023-01-26,P003,Organic Green Tea (50 bags),Grocery,20,8.99,179.8
2023-01-26,P004,Yoga Mat Premium,Sports,9,24.99,224.91
2023-01-26,P005,USB-C Hub 7-in-1,Electronics,6,34.99,209.94
2023-01-26,P006,Protein Powder Vanilla 1kg,Health,15,39.99,599.85
2023-01-26,P007,Smart Water Bottle,Sports,6,19.99,119.94
2023-01-26,P008,Coffee Beans Premium 250g,Grocery,25,12.99,324.75
2023-01-26,P009,Resistance Band Set,Sports,8,14.99,119.92
2023-01-26,P010,Face Moisturiser SPF50,Beauty,12,18.99,227.88
2023-01-27,P001,Wireless Earbuds Pro,Electronics,6,29.99,179.94
2023-01-27,P002,Running Shoes X200,Footwear,4,59.99,239.96
2023-01-27,P003,Organic Green Tea (50 bags),Grocery,22,8.99,197.78
2023-01-27,P004,Yoga Mat Premium,Sports,2,24.99,49.98
2023-01-27,P005,USB-C Hub 7-in-1,Electronics,7,34.99,244.93
2023-01-27,P006,Protein Powder Vanilla 1kg,Health,14,39.99,559.86
2023-01-27,P007,Smart Water Bottle,Sports,6,19.99,119.94
2023-01-27,P008,Coffee Beans Premium 250g,Grocery,31,12.99,402.69
2023-01-27,P009,Resistance Band Set,Sports,10,14.99,149.9
2023-01-27,P010,Face Moisturiser SPF50,Beauty,9,18.99,170.91
2023-01-28,P001,Wireless Earbuds Pro,Electronics,18,29.99,539.82
2023-01-28,P002,Running Shoes X200,Footwear,14,59.99,839.86
2023-01-28,P003,Organic Green Tea (50 bags),Grocery,28,8.99,251.72
2023-01-28,P004,Yoga Mat Premium,Sports,7,24.99,174.93
2023-01-28,P005,USB-C Hub 7-in-1,Electronics,12,34.99,419.88
2023-01-28,P006,Protein Powder Vanilla 1kg,Health,20,39.99,799.8
2023-01-28,P007,Smart Water Bottle,Sports,9,19.99,179.91
2023-01-28,P008,Coffee Beans Premium 250g,Grocery,35,12.99,454.65
2023-01-28,P009,Resistance Band Set,Sports,9,14.99,134.91
2023-01-28,P010,Face Moisturiser SPF50,Beauty,17,18.99,322.83
2023-01-30,P001,Wireless Earbuds Pro,Electronics,6,29.99,179.94
2023-01-30,P002,Running Shoes X200,Footwear,7,59.99,419.93
2023-01-30,P003,Organic Green Tea (50 bags),Grocery,28,8.99,251.72
2023-01-30,P004,Yoga Mat Premium,Sports,6,24.99,149.94
2023-01-30,P005,USB-C Hub 7-in-1,Electronics,8,34.99,279.92
2023-01-30,P006,Protein Powder Vanilla 1kg,Health,13,39.99,519.87
2023-01-30,P007,Smart Water Bottle,Sports,7,19.99,139.93
2023-01-30,P008,Coffee Beans Premium 250g,Grocery,30,12.99,389.7
2023-01-30,P009,Resistance Band Set,Sports,8,14.99,119.92
2023-01-30,P010,Face Moisturiser SPF50,Beauty,3,18.99,56.97
2023-01-31,P001,Wireless Earbuds Pro,Electronics,9,29.99,269.91
2023-01-31,P002,Running Shoes X200,Footwear,4,59.99,239.96
2023-01-31,P003,Organic Green Tea (50 bags),Grocery,33,8.99,296.67
2023-01-31,P004,Yoga Mat Premium,Sports,6,24.99,149.94
2023-01-31,P005,USB-C Hub 7-in-1,Electronics,9,34.99,314.91
2023-01-31,P006,Protein Powder Vanilla 1kg,Health,15,39.99,599.85
2023-01-31,P007,Smart Water Bottle,Sports,10,19.99,199.9
2023-01-31,P008,Coffee Beans Premium 250g,Grocery,29,12.99,376.71
2023-01-31,P009,Resistance Band Set,Sports,13,14.99,194.87
2023-01-31,P010,Face Moisturiser SPF50,Beauty,14,18.99,265.86
2023-02-01,P001,Wireless Earbuds Pro,Electronics,10,29.99,299.9
2023-02-01,P002,Running Shoes X200,Footwear,2,59.99,119.98
2023-02-01,P003,Organic Green Tea (50 bags),Grocery,20,8.99,179.8
2023-02-01,P004,Yoga Mat Premium,Sports,5,24.99,124.95
2023-02-01,P005,USB-C Hub 7-in-1,Electronics,10,34.99,349.9
2023-02-01,P006,Protein Powder Vanilla 1kg,Health,11,39.99,439.89
2023-02-01,P007,Smart Water Bottle,Sports,9,19.99,179.91
2023-02-01,P008,Coffee Beans Premium 250g,Grocery,34,12.99,441.66
2023-02-01,P009,Resistance Band Set,Sports,8,14.99,119.92
2023-02-01,P010,Face Moisturiser SPF50,Beauty,16,18.99,303.84
2023-02-02,P001,Wireless Earbuds Pro,Electronics,9,29.99,269.91
2023-02-02,P002,Running Shoes X200,Footwear,6,59.99,359.94
2023-02-02,P003,Organic Green Tea (50 bags),Grocery,22,8.99,197.78
2023-02-02,P004,Yoga Mat Premium,Sports,6,24.99,149.94
2023-02-02,P005,USB-C Hub 7-in-1,Electronics,9,34.99,314.91
2023-02-02,P006,Protein Powder Vanilla 1kg,Health,12,39.99,479.88
2023-02-02,P007,Smart Water Bottle,Sports,9,19.99,179.91
2023-02-02,P008,Coffee Beans Premium 250g,Grocery,30,12.99,389.7
2023-02-02,P009,Resistance Band Set,Sports,6,14.99,89.94
2023-02-02,P010,Face Moisturiser SPF50,Beauty,11,18.99,208.89
2023-02-03,P001,Wireless Earbuds Pro,Electronics,10,29.99,299.9
2023-02-03,P002,Running Shoes X200,Footwear,7,59.99,419.93
2023-02-03,P003,Organic Green Tea (50 bags),Grocery,14,8.99,125.86
2023-02-03,P004,Yoga Mat Premium,Sports,4,24.99,99.96
2023-02-03,P005,USB-C Hub 7-in-1,Electronics,8,34.99,279.92
2023-02-03,P006,Protein Powder Vanilla 1kg,Health,11,39.99,439.89
2023-02-03,P007,Smart Water Bottle,Sports,11,19.99,219.89
2023-02-03,P008,Coffee Beans Premium 250g,Grocery,27,12.99,350.73
2023-02-03,P009,Resistance Band Set,Sports,15,14.99,224.85
2023-02-03,P010,Face Moisturiser SPF50,Beauty,15,18.99,284.85
2023-02-04,P001,Wireless Earbuds Pro,Electronics,16,29.99,479.84
2023-02-04,P002,Running Shoes X200,Footwear,8,59.99,479.92
2023-02-04,P003,Organic Green Tea (50 bags),Grocery,31,8.99,278.69
2023-02-04,P004,Yoga Mat Premium,Sports,13,24.99,324.87
2023-02-04,P005,USB-C Hub 7-in-1,Electronics,6,34.99,209.94
2023-02-04,P006,Protein Powder Vanilla 1kg,Health,13,39.99,519.87
2023-02-04,P007,Smart Water Bottle,Sports,16,19.99,319.84
2023-02-04,P008,Coffee Beans Premium 250g,Grocery,37,12.99,480.63
2023-02-04,P009,Resistance Band Set,Sports,9,14.99,134.91
2023-02-04,P010,Face Moisturiser SPF50,Beauty,15,18.99,284.85
2023-02-06,P001,Wireless Earbuds Pro,Electronics,9,29.99,269.91
2023-02-06,P002,Running Shoes X200,Footwear,6,59.99,359.94
2023-02-06,P003,Organic Green Tea (50 bags),Grocery,23,8.99,206.77
2023-02-06,P004,Yoga Mat Premium,Sports,5,24.99,124.95
2023-02-06,P005,USB-C Hub 7-in-1,Electronics,5,34.99,174.95
2023-02-06,P006,Protein Powder Vanilla 1kg,Health,10,39.99,399.9
2023-02-06,P007,Smart Water Bottle,Sports,4,19.99,79.96
2023-02-06,P008,Coffee Beans Premium 250g,Grocery,32,12.99,415.68
2023-02-06,P009,Resistance Band Set,Sports,11,14.99,164.89
2023-02-06,P010,Face Moisturiser SPF50,Beauty,16,18.99,303.84
2023-02-07,P001,Wireless Earbuds Pro,Electronics,10,29.99,299.9
2023-02-07,P002,Running Shoes X200,Footwear,3,59.99,179.97
2023-02-07,P003,Organic Green Tea (50 bags),Grocery,23,8.99,206.77
2023-02-07,P004,Yoga Mat Premium,Sports,1,24.99,24.99
2023-02-07,P005,USB-C Hub 7-in-1,Electronics,10,34.99,349.9
2023-02-07,P006,Protein Powder Vanilla 1kg,Health,12,39.99,479.88
2023-02-07,P007,Smart Water Bottle,Sports,13,19.99,259.87
2023-02-07,P008,Coffee Beans Premium 250g,Grocery,35,12.99,454.65
2023-02-07,P009,Resistance Band Set,Sports,11,14.99,164.89
2023-02-07,P010,Face Moisturiser SPF50,Beauty,7,18.99,132.93
2023-02-08,P001,Wireless Earbuds Pro,Electronics,5,29.99,149.95
2023-02-08,P002,Running Shoes X200,Footwear,5,59.99,299.95
2023-02-08,P003,Organic Green Tea (50 bags),Grocery,27,8.99,242.73
2023-02-08,P004,Yoga Mat Premium,Sports,2,24.99,49.98
2023-02-08,P005,USB-C Hub 7-in-1,Electronics,6,34.99,209.94
2023-02-08,P006,Protein Powder Vanilla 1kg,Health,17,39.99,679.83
2023-02-08,P007,Smart Water Bottle,Sports,7,19.99,139.93
2023-02-08,P008,Coffee Beans Premium 250g,Grocery,29,12.99,376.71
2023-02-08,P009,Resistance Band Set,Sports,12,14.99,179.88
2023-02-08,P010,Face Moisturiser SPF50,Beauty,14,18.99,265.86
2023-02-09,P001,Wireless Earbuds Pro,Electronics,8,29.99,239.92
2023-02-09,P002,Running Shoes X200,Footwear,6,59.99,359.94
2023-02-09,P003,Organic Green Tea (50 bags),Grocery,30,8.99,269.7
2023-02-09,P004,Yoga Mat Premium,Sports,12,24.99,299.88
2023-02-09,P005,USB-C Hub 7-in-1,Electronics,8,34.99,279.92
2023-02-09,P006,Protein Powder Vanilla 1kg,Health,14,39.99,559.86
2023-02-09,P007,Smart Water Bottle,Sports,12,19.99,239.88
2023-02-09,P008,Coffee Beans Premium 250g,Grocery,23,12.99,298.77
2023-02-09,P009,Resistance Band Set,Sports,9,14.99,134.91
2023-02-09,P010,Face Moisturiser SPF50,Beauty,9,18.99,170.91
2023-02-10,P001,Wireless Earbuds Pro,Electronics,13,29.99,389.87
2023-02-10,P002,Running Shoes X200,Footwear,4,59.99,239.96
2023-02-10,P003,Organic Green Tea (50 bags),Grocery,27,8.99,242.73
2023-02-10,P004,Yoga Mat Premium,Sports,5,24.99,124.95
2023-02-10,P005,USB-C Hub 7-in-1,Electronics,11,34.99,384.89
2023-02-10,P006,Protein Powder Vanilla 1kg,Health,15,39.99,599.85
2023-02-10,P007,Smart Water Bottle,Sports,8,19.99,159.92
2023-02-10,P008,Coffee Beans Premium 250g,Grocery,29,12.99,376.71
2023-02-10,P009,Resistance Band Set,Sports,13,14.99,194.87
2023-02-10,P010,Face Moisturiser SPF50,Beauty,17,18.99,322.83
2023-02-11,P001,Wireless Earbuds Pro,Electronics,8,29.99,239.92
2023-02-11,P002,Running Shoes X200,Footwear,9,59.99,539.91
2023-02-11,P003,Organic Green Tea (50 bags),Grocery,25,8.99,224.75
2023-02-11,P004,Yoga Mat Premium,Sports,12,24.99,299.88
2023-02-11,P005,USB-C Hub 7-in-1,Electronics,8,34.99,279.92
2023-02-11,P006,Protein Powder Vanilla 1kg,Health,16,39.99,639.84
2023-02-11,P007,Smart Water Bottle,Sports,8,19.99,159.92
2023-02-11,P008,Coffee Beans Premium 250g,Grocery,31,12.99,402.69
2023-02-11,P009,Resistance Band Set,Sports,13,14.99,194.87
2023-02-11,P010,Face Moisturiser SPF50,Beauty,11,18.99,208.89
2023-02-13,P001,Wireless Earbuds Pro,Electronics,14,29.99,419.86
2023-02-13,P002,Running Shoes X200,Footwear,9,59.99,539.91
2023-02-13,P003,Organic Green Tea (50 bags),Grocery,13,8.99,116.87
2023-02-13,P004,Yoga Mat Premium,Sports,5,24.99,124.95
2023-02-13,P005,USB-C Hub 7-in-1,Electronics,5,34.99,174.95
2023-02-13,P006,Protein Powder Vanilla 1kg,Health,20,39.99,799.8
2023-02-13,P007,Smart Water Bottle,Sports,9,19.99,179.91
2023-02-13,P008,Coffee Beans Premium 250g,Grocery,27,12.99,350.73
2023-02-13,P009,Resistance Band Set,Sports,8,14.99,119.92
2023-02-13,P010,Face Moisturiser SPF50,Beauty,9,18.99,170.91
2023-02-14,P001,Wireless Earbuds Pro,Electronics,12,29.99,359.88
2023-02-14,P002,Running Shoes X200,Footwear,5,59.99,299.95
2023-02-14,P003,Organic Green Tea (50 bags),Grocery,24,8.99,215.76
2023-02-14,P004,Yoga Mat Premium,Sports,5,24.99,124.95
2023-02-14,P005,USB-C Hub 7-in-1,Electronics,10,34.99,349.9
2023-02-14,P006,Protein Powder Vanilla 1kg,Health,14,39.99,559.86
2023-02-14,P007,Smart Water Bottle,Sports,5,19.99,99.95
2023-02-14,P008,Coffee Beans Premium 250g,Grocery,25,12.99,324.75
2023-02-14,P009,Resistance Band Set,Sports,10,14.99,149.9
2023-02-14,P010,Face Moisturiser SPF50,Beauty,18,18.99,341.82
2023-02-15,P001,Wireless Earbuds Pro,Electronics,14,29.99,419.86
2023-02-15,P002,Running Shoes X200,Footwear,6,59.99,359.94
2023-02-15,P003,Organic Green Tea (50 bags),Grocery,29,8.99,260.71
2023-02-15,P004,Yoga Mat Premium,Sports,9,24.99,224.91
2023-02-15,P005,USB-C Hub 7-in-1,Electronics,11,34.99,384.89
2023-02-15,P006,Protein Powder Vanilla 1kg,Health,16,39.99,639.84
2023-02-15,P007,Smart Water Bottle,Sports,12,19.99,239.88
2023-02-15,P008,Coffee Beans Premium 250g,Grocery,27,12.99,350.73
2023-02-15,P009,Resistance Band Set,Sports,11,14.99,164.89
2023-02-15,P010,Face Moisturiser SPF50,Beauty,18,18.99,341.82
2023-02-16,P001,Wireless Earbuds Pro,Electronics,14,29.99,419.86
2023-02-16,P002,Running Shoes X200,Footwear,12,59.99,719.88
2023-02-16,P003,Organic Green Tea (50 bags),Grocery,16,8.99,143.84
2023-02-16,P004,Yoga Mat Premium,Sports,6,24.99,149.94
2023-02-16,P005,USB-C Hub 7-in-1,Electronics,9,34.99,314.91
2023-02-16,P006,Protein Powder Vanilla 1kg,Health,19,39.99,759.81
2023-02-16,P007,Smart Water Bottle,Sports,7,19.99,139.93
2023-02-16,P008,Coffee Beans Premium 250g,Grocery,25,12.99,324.75
2023-02-16,P009,Resistance Band Set,Sports,12,14.99,179.88
2023-02-16,P010,Face Moisturiser SPF50,Beauty,19,18.99,360.81
2023-02-17,P001,Wireless Earbuds Pro,Electronics,12,29.99,359.88
2023-02-17,P002,Running Shoes X200,Footwear,8,59.99,479.92
2023-02-17,P003,Organic Green Tea (50 bags),Grocery,20,8.99,179.8
2023-02-17,P004,Yoga Mat Premium,Sports,4,24.99,99.96
2023-02-17,P005,USB-C Hub 7-in-1,Electronics,10,34.99,349.9
2023-02-17,P006,Protein Powder Vanilla 1kg,Health,12,39.99,479.88
2023-02-17,P007,Smart Water Bottle,Sports,9,19.99,179.91
2023-02-17,P008,Coffee Beans Premium 250g,Grocery,19,12.99,246.81
2023-02-17,P009,Resistance Band Set,Sports,14,14.99,209.86
2023-02-17,P010,Face Moisturiser SPF50,Beauty,18,18.99,341.82
2023-02-18,P001,Wireless Earbuds Pro,Electronics,16,29.99,479.84
2023-02-18,P002,Running Shoes X200,Footwear,16,59.99,959.84
2023-02-18,P003,Organic Green Tea (50 bags),Grocery,34,8.99,305.66
2023-02-18,P004,Yoga Mat Premium,Sports,10,24.99,249.9
2023-02-18,P005,USB-C Hub 7-in-1,Electronics,10,34.99,349.9
2023-02-18,P006,Protein Powder Vanilla 1kg,Health,18,39.99,719.82
2023-02-18,P007,Smart Water Bottle,Sports,7,19.99,139.93
2023-02-18,P008,Coffee Beans Premium 250g,Grocery,37,12.99,480.63
2023-02-18,P009,Resistance Band Set,Sports,15,14.99,224.85
2023-02-18,P010,Face Moisturiser SPF50,Beauty,13,18.99,246.87
2023-02-20,P001,Wireless Earbuds Pro,Electronics,8,29.99,239.92
2023-02-20,P002,Running Shoes X200,Footwear,8,59.99,479.92
2023-02-20,P003,Organic Green Tea (50 bags),Grocery,26,8.99,233.74
2023-02-20,P004,Yoga Mat Premium,Sports,7,24.99,174.93
2023-02-20,P005,USB-C Hub 7-in-1,Electronics,10,34.99,349.9
2023-02-20,P006,Protein Powder Vanilla 1kg,Health,16,39.99,639.84
2023-02-20,P007,Smart Water Bottle,Sports,6,19.99,119.94
2023-02-20,P008,Coffee Beans Premium 250g,Grocery,27,12.99,350.73
2023-02-20,P009,Resistance Band Set,Sports,10,14.99,149.9
2023-02-20,P010,Face Moisturiser SPF50,Beauty,7,18.99,132.93
2023-02-21,P001,Wireless Earbuds Pro,Electronics,13,29.99,389.87
2023-02-21,P002,Running Shoes X200,Footwear,8,59.99,479.92
2023-02-21,P003,Organic Green Tea (50 bags),Grocery,32,8.99,287.68
2023-02-21,P004,Yoga Mat Premium,Sports,2,24.99,49.98
2023-02-21,P005,USB-C Hub 7-in-1,Electronics,7,34.99,244.93
2023-02-21,P006,Protein Powder Vanilla 1kg,Health,17,39.99,679.83
2023-02-21,P007,Smart Water Bottle,Sports,15,19.99,299.85
2023-02-21,P008,Coffee Beans Premium 250g,Grocery,31,12.99,402.69
2023-02-21,P009,Resistance Band Set,Sports,12,14.99,179.88
2023-02-21,P010,Face Moisturiser SPF50,Beauty,9,18.99,170.91
2023-02-22,P001,Wireless Earbuds Pro,Electronics,10,29.99,299.9
2023-02-22,P002,Running Shoes X200,Footwear,4,59.99,239.96
2023-02-22,P003,Organic Green Tea (50 bags),Grocery,23,8.99,206.77
2023-02-22,P004,Yoga Mat Premium,Sports,7,24.99,174.93
2023-02-22,P005,USB-C Hub 7-in-1,Electronics,6,34.99,209.94
2023-02-22,P006,Protein Powder Vanilla 1kg,Health,13,39.99,519.87
2023-02-22,P007,Smart Water Bottle,Sports,7,19.99,139.93
2023-02-22,P008,Coffee Beans Premium 250g,Grocery,37,12.99,480.63
2023-02-22,P009,Resistance Band Set,Sports,9,14.99,134.91
2023-02-22,P010,Face Moisturiser SPF50,Beauty,12,18.99,227.88
2023-02-23,P001,Wireless Earbuds Pro,Electronics,8,29.99,239.92
2023-02-23,P002,Running Shoes X200,Footwear,7,59.99,419.93
2023-02-23,P003,Organic Green Tea (50 bags),Grocery,22,8.99,197.78
2023-02-23,P004,Yoga Mat Premium,Sports,7,24.99,174.93
2023-02-23,P005,USB-C Hub 7-in-1,Electronics,11,34.99,384.89
2023-02-23,P006,Protein Powder Vanilla 1kg,Health,17,39.99,679.83
2023-02-23,P007,Smart Water Bottle,Sports,9,19.99,179.91
2023-02-23,P008,Coffee Beans Premium 250g,Grocery,36,12.99,467.64
2023-02-23,P009,Resistance Band Set,Sports,9,14.99,134.91
2023-02-23,P010,Face Moisturiser SPF50,Beauty,10,18.99,189.9
2023-02-24,P001,Wireless Earbuds Pro,Electronics,10,29.99,299.9
2023-02-24,P002,Running Shoes X200,Footwear,12,59.99,719.88
2023-02-24,P003,Organic Green Tea (50 bags),Grocery,24,8.99,215.76
2023-02-24,P004,Yoga Mat Premium,Sports,5,24.99,124.95
2023-02-24,P005,USB-C Hub 7-in-1,Electronics,8,34.99,279.92
2023-02-24,P006,Protein Powder Vanilla 1kg,Health,19,39.99,759.81
2023-02-24,P007,Smart Water Bottle,Sports,10,19.99,199.9
2023-02-24,P008,Coffee Beans Premium 250g,Grocery,20,12.99,259.8
2023-02-24,P009,Resistance Band Set,Sports,5,14.99,74.95
2023-02-24,P010,Face Moisturiser SPF50,Beauty,13,18.99,246.87
2023-02-25,P001,Wireless Earbuds Pro,Electronics,13,29.99,389.87
2023-02-25,P002,Running Shoes X200,Footwear,10,59.99,599.9
2023-02-25,P003,Organic Green Tea (50 bags),Grocery,22,8.99,197.78
2023-02-25,P004,Yoga Mat Premium,Sports,5,24.99,124.95
2023-02-25,P005,USB-C Hub 7-in-1,Electronics,10,34.99,349.9
2023-02-25,P006,Protein Powder Vanilla 1kg,Health,18,39.99,719.82
2023-02-25,P007,Smart Water Bottle,Sports,10,19.99,199.9
2023-02-25,P008,Coffee Beans Premium 250g,Grocery,33,12.99,428.67
2023-02-25,P009,Resistance Band Set,Sports,12,14.99,179.88
2023-02-25,P010,Face Moisturiser SPF50,Beauty,18,18.99,341.82
2023-02-27,P001,Wireless Earbuds Pro,Electronics,13,29.99,389.87
2023-02-27,P002,Running Shoes X200,Footwear,8,59.99,479.92
2023-02-27,P003,Organic Green Tea (50 bags),Grocery,29,8.99,260.71
2023-02-27,P004,Yoga Mat Premium,Sports,4,24.99,99.96
2023-02-27,P005,USB-C Hub 7-in-1,Electronics,2,34.99,69.98
2023-02-27,P006,Protein Powder Vanilla 1kg,Health,15,39.99,599.85
2023-02-27,P007,Smart Water Bottle,Sports,4,19.99,79.96
2023-02-27,P008,Coffee Beans Premium 250g,Grocery,25,12.99,324.75
2023-02-27,P009,Resistance Band Set,Sports,9,14.99,134.91
2023-02-27,P010,Face Moisturiser SPF50,Beauty,12,18.99,227.88
2023-02-28,P001,Wireless Earbuds Pro,Electronics,16,29.99,479.84
2023-02-28,P002,Running Shoes X200,Footwear,12,59.99,719.88
2023-02-28,P003,Organic Green Tea (50 bags),Grocery,19,8.99,170.81
2023-02-28,P004,Yoga Mat Premium,Sports,9,24.99,224.91
2023-02-28,P005,USB-C Hub 7-in-1,Electronics,9,34.99,314.91
2023-02-28,P006,Protein Powder Vanilla 1kg,Health,14,39.99,559.86
2023-02-28,P007,Smart Water Bottle,Sports,10,19.99,199.9
2023-02-28,P008,Coffee Beans Premium 250g,Grocery,34,12.99,441.66
2023-02-28,P009,Resistance Band Set,Sports,12,14.99,179.88
2023-02-28,P010,Face Moisturiser SPF50,Beauty,16,18.99,303.84
2023-03-01,P001,Wireless Earbuds Pro,Electronics,17,29.99,509.83
2023-03-01,P002,Running Shoes X200,Footwear,4,59.99,239.96
2023-03-01,P003,Organic Green Tea (50 bags),Grocery,31,8.99,278.69
2023-03-01,P004,Yoga Mat Premium,Sports,2,24.99,49.98
2023-03-01,P005,USB-C Hub 7-in-1,Electronics,6,34.99,209.94
2023-03-01,P006,Protein Powder Vanilla 1kg,Health,15,39.99,599.85
2023-03-01,P007,Smart Water Bottle,Sports,8,19.99,159.92
2023-03-01,P008,Coffee Beans Premium 250g,Grocery,35,12.99,454.65
2023-03-01,P009,Resistance Band Set,Sports,22,14.99,329.78
2023-03-01,P010,Face Moisturiser SPF50,Beauty,18,18.99,341.82
2023-03-02,P001,Wireless Earbuds Pro,Electronics,9,29.99,269.91
2023-03-02,P002,Running Shoes X200,Footwear,5,59.99,299.95
2023-03-02,P003,Organic Green Tea (50 bags),Grocery,22,8.99,197.78
2023-03-02,P004,Yoga Mat Premium,Sports,7,24.99,174.93
2023-03-02,P005,USB-C Hub 7-in-1,Electronics,8,34.99,279.92
2023-03-02,P006,Protein Powder Vanilla 1kg,Health,12,39.99,479.88
2023-03-02,P007,Smart Water Bottle,Sports,11,19.99,219.89
2023-03-02,P008,Coffee Beans Premium 250g,Grocery,25,12.99,324.75
2023-03-02,P009,Resistance Band Set,Sports,7,14.99,104.93
2023-03-02,P010,Face Moisturiser SPF50,Beauty,17,18.99,322.83
2023-03-03,P001,Wireless Earbuds Pro,Electronics,8,29.99,239.92
2023-03-03,P002,Running Shoes X200,Footwear,10,59.99,599.9
2023-03-03,P003,Organic Green Tea (50 bags),Grocery,19,8.99,170.81
2023-03-03,P004,Yoga Mat Premium,Sports,6,24.99,149.94
2023-03-03,P005,USB-C Hub 7-in-1,Electronics,12,34.99,419.88
2023-03-03,P006,Protein Powder Vanilla 1kg,Health,12,39.99,479.88
2023-03-03,P007,Smart Water Bottle,Sports,6,19.99,119.94
2023-03-03,P008,Coffee Beans Premium 250g,Grocery,37,12.99,480.63
2023-03-03,P009,Resistance Band Set,Sports,19,14.99,284.81
2023-03-03,P010,Face Moisturiser SPF50,Beauty,15,18.99,284.85
2023-03-04,P001,Wireless Earbuds Pro,Electronics,15,29.99,449.85
2023-03-04,P002,Running Shoes X200,Footwear,5,59.99,299.95
2023-03-04,P003,Organic Green Tea (50 bags),Grocery,38,8.99,341.62
2023-03-04,P004,Yoga Mat Premium,Sports,9,24.99,224.91
2023-03-04,P005,USB-C Hub 7-in-1,Electronics,20,34.99,699.8
2023-03-04,P006,Protein Powder Vanilla 1kg,Health,21,39.99,839.79
2023-03-04,P007,Smart Water Bottle,Sports,10,19.99,199.9
2023-03-04,P008,Coffee Beans Premium 250g,Grocery,44,12.99,571.56
2023-03-04,P009,Resistance Band Set,Sports,14,14.99,209.86
2023-03-04,P010,Face Moisturiser SPF50,Beauty,18,18.99,341.82
2023-03-06,P001,Wireless Earbuds Pro,Electronics,7,29.99,209.93
2023-03-06,P002,Running Shoes X200,Footwear,11,59.99,659.89
2023-03-06,P003,Organic Green Tea (50 bags),Grocery,30,8.99,269.7
2023-03-06,P004,Yoga Mat Premium,Sports,6,24.99,149.94
2023-03-06,P005,USB-C Hub 7-in-1,Electronics,10,34.99,349.9
2023-03-06,P006,Protein Powder Vanilla 1kg,Health,5,39.99,199.95
2023-03-06,P007,Smart Water Bottle,Sports,14,19.99,279.86
2023-03-06,P008,Coffee Beans Premium 250g,Grocery,36,12.99,467.64
2023-03-06,P009,Resistance Band Set,Sports,11,14.99,164.89
2023-03-06,P010,Face Moisturiser SPF50,Beauty,15,18.99,284.85
2023-03-07,P001,Wireless Earbuds Pro,Electronics,10,29.99,299.9
2023-03-07,P002,Running Shoes X200,Footwear,5,59.99,299.95
2023-03-07,P003,Organic Green Tea (50 bags),Grocery,23,8.99,206.77
2023-03-07,P004,Yoga Mat Premium,Sports,7,24.99,174.93
2023-03-07,P005,USB-C Hub 7-in-1,Electronics,6,34.99,209.94
2023-03-07,P006,Protein Powder Vanilla 1kg,Health,16,39.99,639.84
2023-03-07,P007,Smart Water Bottle,Sports,5,19.99,99.95
2023-03-07,P008,Coffee Beans Premium 250g,Grocery,26,12.99,337.74
2023-03-07,P009,Resistance Band Set,Sports,10,14.99,149.9
2023-03-07,P010,Face Moisturiser SPF50,Beauty,12,18.99,227.88
2023-03-08,P001,Wireless Earbuds Pro,Electronics,16,29.99,479.84
2023-03-08,P002,Running Shoes X200,Footwear,11,59.99,659.89
2023-03-08,P003,Organic Green Tea (50 bags),Grocery,30,8.99,269.7
2023-03-08,P004,Yoga Mat Premium,Sports,4,24.99,99.96
2023-03-08,P005,USB-C Hub 7-in-1,Electronics,12,34.99,419.88
2023-03-08,P006,Protein Powder Vanilla 1kg,Health,9,39.99,359.91
2023-03-08,P007,Smart Water Bottle,Sports,15,19.99,299.85
2023-03-08,P008,Coffee Beans Premium 250g,Grocery,34,12.99,441.66
2023-03-08,P009,Resistance Band Set,Sports,11,14.99,164.89
2023-03-08,P010,Face Moisturiser SPF50,Beauty,10,18.99,189.9
2023-03-09,P001,Wireless Earbuds Pro,Electronics,15,29.99,449.85
2023-03-09,P002,Running Shoes X200,Footwear,2,59.99,119.98
2023-03-09,P003,Organic Green Tea (50 bags),Grocery,25,8.99,224.75
2023-03-09,P004,Yoga Mat Premium,Sports,8,24.99,199.92
2023-03-09,P005,USB-C Hub 7-in-1,Electronics,13,34.99,454.87
2023-03-09,P006,Protein Powder Vanilla 1kg,Health,14,39.99,559.86
2023-03-09,P007,Smart Water Bottle,Sports,12,19.99,239.88
2023-03-09,P008,Coffee Beans Premium 250g,Grocery,34,12.99,441.66
2023-03-09,P009,Resistance Band Set,Sports,12,14.99,179.88
2023-03-09,P010,Face Moisturiser SPF50,Beauty,12,18.99,227.88
2023-03-10,P001,Wireless Earbuds Pro,Electronics,14,29.99,419.86
2023-03-10,P002,Running Shoes X200,Footwear,8,59.99,479.92
2023-03-10,P003,Organic Green Tea (50 bags),Grocery,24,8.99,215.76
2023-03-10,P004,Yoga Mat Premium,Sports,6,24.99,149.94
2023-03-10,P005,USB-C Hub 7-in-1,Electronics,8,34.99,279.92
2023-03-10,P006,Protein Powder Vanilla 1kg,Health,8,39.99,319.92
2023-03-10,P007,Smart Water Bottle,Sports,9,19.99,179.91
2023-03-10,P008,Coffee Beans Premium 250g,Grocery,26,12.99,337.74
2023-03-10,P009,Resistance Band Set,Sports,9,14.99,134.91
2023-03-10,P010,Face Moisturiser SPF50,Beauty,16,18.99,303.84
2023-03-11,P001,Wireless Earbuds Pro,Electronics,14,29.99,419.86
2023-03-11,P002,Running Shoes X200,Footwear,12,59.99,719.88
2023-03-11,P003,Organic Green Tea (50 bags),Grocery,36,8.99,323.64
2023-03-11,P004,Yoga Mat Premium,Sports,7,24.99,174.93
2023-03-11,P005,USB-C Hub 7-in-1,Electronics,21,34.99,734.79
2023-03-11,P006,Protein Powder Vanilla 1kg,Health,16,39.99,639.84
2023-03-11,P007,Smart Water Bottle,Sports,14,19.99,279.86
2023-03-11,P008,Coffee Beans Premium 250g,Grocery,39,12.99,506.61
2023-03-11,P009,Resistance Band Set,Sports,16,14.99,239.84
2023-03-11,P010,Face Moisturiser SPF50,Beauty,18,18.99,341.82
2023-03-13,P001,Wireless Earbuds Pro,Electronics,9,29.99,269.91
2023-03-13,P002,Running Shoes X200,Footwear,4,59.99,239.96
2023-03-13,P003,Organic Green Tea (50 bags),Grocery,25,8.99,224.75
2023-03-13,P004,Yoga Mat Premium,Sports,3,24.99,74.97
2023-03-13,P005,USB-C Hub 7-in-1,Electronics,12,34.99,419.88
2023-03-13,P006,Protein Powder Vanilla 1kg,Health,12,39.99,479.88
2023-03-13,P007,Smart Water Bottle,Sports,5,19.99,99.95
2023-03-13,P008,Coffee Beans Premium 250g,Grocery,26,12.99,337.74
2023-03-13,P009,Resistance Band Set,Sports,9,14.99,134.91
2023-03-13,P010,Face Moisturiser SPF50,Beauty,14,18.99,265.86
2023-03-14,P001,Wireless Earbuds Pro,Electronics,14,29.99,419.86
2023-03-14,P002,Running Shoes X200,Footwear,12,59.99,719.88
2023-03-14,P003,Organic Green Tea (50 bags),Grocery,24,8.99,215.76
2023-03-14,P004,Yoga Mat Premium,Sports,9,24.99,224.91
2023-03-14,P005,USB-C Hub 7-in-1,Electronics,13,34.99,454.87
2023-03-14,P006,Protein Powder Vanilla 1kg,Health,15,39.99,599.85
2023-03-14,P007,Smart Water Bottle,Sports,6,19.99,119.94
2023-03-14,P008,Coffee Beans Premium 250g,Grocery,32,12.99,415.68
2023-03-14,P009,Resistance Band Set,Sports,11,14.99,164.89
2023-03-14,P010,Face Moisturiser SPF50,Beauty,12,18.99,227.88
2023-03-15,P001,Wireless Earbuds Pro,Electronics,8,29.99,239.92
2023-03-15,P002,Running Shoes X200,Footwear,8,59.99,479.92
2023-03-15,P003,Organic Green Tea (50 bags),Grocery,27,8.99,242.73
2023-03-15,P004,Yoga Mat Premium,Sports,9,24.99,224.91
2023-03-15,P005,USB-C Hub 7-in-1,Electronics,6,34.99,209.94
2023-03-15,P006,Protein Powder Vanilla 1kg,Health,16,39.99,639.84
2023-03-15,P007,Smart Water Bottle,Sports,12,19.99,239.88
2023-03-15,P008,Coffee Beans Premium 250g,Grocery,24,12.99,311.76
2023-03-15,P009,Resistance Band Set,Sports,14,14.99,209.86
2023-03-15,P010,Face Moisturiser SPF50,Beauty,10,18.99,189.9
2023-03-16,P001,Wireless Earbuds Pro,Electronics,18,29.99,539.82
2023-03-16,P002,Running Shoes X200,Footwear,6,59.99,359.94
2023-03-16,P003,Organic Green Tea (50 bags),Grocery,25,8.99,224.75
2023-03-16,P004,Yoga Mat Premium,Sports,9,24.99,224.91
2023-03-16,P005,USB-C Hub 7-in-1,Electronics,11,34.99,384.89
2023-03-16,P006,Protein Powder Vanilla 1kg,Health,21,39.99,839.79
2023-03-16,P007,Smart Water Bottle,Sports,7,19.99,139.93
2023-03-16,P008,Coffee Beans Premium 250g,Grocery,30,12.99,389.7
2023-03-16,P009,Resistance Band Set,Sports,8,14.99,119.92
2023-03-16,P010,Face Moisturiser SPF50,Beauty,14,18.99,265.86
2023-03-17,P001,Wireless Earbuds Pro,Electronics,16,29.99,479.84
2023-03-17,P002,Running Shoes X200,Footwear,7,59.99,419.93
2023-03-17,P003,Organic Green Tea (50 bags),Grocery,33,8.99,296.67
2023-03-17,P004,Yoga Mat Premium,Sports,7,24.99,174.93
2023-03-17,P005,USB-C Hub 7-in-1,Electronics,9,34.99,314.91
2023-03-17,P006,Protein Powder Vanilla 1kg,Health,22,39.99,879.78
2023-03-17,P007,Smart Water Bottle,Sports,7,19.99,139.93
2023-03-17,P008,Coffee Beans Premium 250g,Grocery,30,12.99,389.7
2023-03-17,P009,Resistance Band Set,Sports,12,14.99,179.88
2023-03-17,P010,Face Moisturiser SPF50,Beauty,11,18.99,208.89
2023-03-18,P001,Wireless Earbuds Pro,Electronics,15,29.99,449.85
2023-03-18,P002,Running Shoes X200,Footwear,10,59.99,599.9
2023-03-18,P003,Organic Green Tea (50 bags),Grocery,39,8.99,350.61
2023-03-18,P004,Yoga Mat Premium,Sports,5,24.99,124.95
2023-03-18,P005,USB-C Hub 7-in-1,Electronics,14,34.99,489.86
2023-03-18,P006,Protein Powder Vanilla 1kg,Health,25,39.99,999.75
2023-03-18,P007,Smart Water Bottle,Sports,16,19.99,319.84
2023-03-18,P008,Coffee Beans Premium 250g,Grocery,34,12.99,441.66
2023-03-18,P009,Resistance Band Set,Sports,17,14.99,254.83
2023-03-18,P010,Face Moisturiser SPF50,Beauty,15,18.99,284.85
2023-03-20,P001,Wireless Earbuds Pro,Electronics,18,29.99,539.82
2023-03-20,P002,Running Shoes X200,Footwear,12,59.99,719.88
2023-03-20,P003,Organic Green Tea (50 bags),Grocery,23,8.99,206.77
2023-03-20,P004,Yoga Mat Premium,Sports,6,24.99,149.94
2023-03-20,P005,USB-C Hub 7-in-1,Electronics,14,34.99,489.86
2023-03-20,P006,Protein Powder Vanilla 1kg,Health,20,39.99,799.8
2023-03-20,P007,Smart Water Bottle,Sports,10,19.99,199.9
2023-03-20,P008,Coffee Beans Premium 250g,Grocery,35,12.99,454.65
2023-03-20,P009,Resistance Band Set,Sports,8,14.99,119.92
2023-03-20,P010,Face Moisturiser SPF50,Beauty,17,18.99,322.83
2023-03-21,P001,Wireless Earbuds Pro,Electronics,12,29.99,359.88
2023-03-21,P002,Running Shoes X200,Footwear,5,59.99,299.95
2023-03-21,P003,Organic Green Tea (50 bags),Grocery,30,8.99,269.7
2023-03-21,P004,Yoga Mat Premium,Sports,10,24.99,249.9
2023-03-21,P005,USB-C Hub 7-in-1,Electronics,13,34.99,454.87
2023-03-21,P006,Protein Powder Vanilla 1kg,Health,13,39.99,519.87
2023-03-21,P007,Smart Water Bottle,Sports,7,19.99,139.93
2023-03-21,P008,Coffee Beans Premium 250g,Grocery,28,12.99,363.72
2023-03-21,P009,Resistance Band Set,Sports,15,14.99,224.85
2023-03-21,P010,Face Moisturiser SPF50,Beauty,18,18.99,341.82
2023-03-22,P001,Wireless Earbuds Pro,Electronics,17,29.99,509.83
2023-03-22,P002,Running Shoes X200,Footwear,16,59.99,959.84
2023-03-22,P003,Organic Green Tea (50 bags),Grocery,30,8.99,269.7
2023-03-22,P004,Yoga Mat Premium,Sports,8,24.99,199.92
2023-03-22,P005,USB-C Hub 7-in-1,Electronics,11,34.99,384.89
2023-03-22,P006,Protein Powder Vanilla 1kg,Health,19,39.99,759.81
2023-03-22,P007,Smart Water Bottle,Sports,10,19.99,199.9
2023-03-22,P008,Coffee Beans Premium 250g,Grocery,38,12.99,493.62
2023-03-22,P009,Resistance Band Set,Sports,12,14.99,179.88
2023-03-22,P010,Face Moisturiser SPF50,Beauty,14,18.99,265.86
2023-03-23,P001,Wireless Earbuds Pro,Electronics,14,29.99,419.86
2023-03-23,P002,Running Shoes X200,Footwear,6,59.99,359.94
2023-03-23,P003,Organic Green Tea (50 bags),Grocery,18,8.99,161.82
2023-03-23,P004,Yoga Mat Premium,Sports,11,24.99,274.89
2023-03-23,P005,USB-C Hub 7-in-1,Electronics,16,34.99,559.84
2023-03-23,P006,Protein Powder Vanilla 1kg,Health,21,39.99,839.79
2023-03-23,P007,Smart Water Bottle,Sports,8,19.99,159.92
2023-03-23,P008,Coffee Beans Premium 250g,Grocery,27,12.99,350.73
2023-03-23,P009,Resistance Band Set,Sports,12,14.99,179.88
2023-03-23,P010,Face Moisturiser SPF50,Beauty,9,18.99,170.91
2023-03-24,P001,Wireless Earbuds Pro,Electronics,12,29.99,359.88
2023-03-24,P002,Running Shoes X200,Footwear,7,59.99,419.93
2023-03-24,P003,Organic Green Tea (50 bags),Grocery,17,8.99,152.83
2023-03-24,P004,Yoga Mat Premium,Sports,5,24.99,124.95
2023-03-24,P005,USB-C Hub 7-in-1,Electronics,11,34.99,384.89
2023-03-24,P006,Protein Powder Vanilla 1kg,Health,17,39.99,679.83
2023-03-24,P007,Smart Water Bottle,Sports,7,19.99,139.93
2023-03-24,P008,Coffee Beans Premium 250g,Grocery,32,12.99,415.68
2023-03-24,P009,Resistance Band Set,Sports,16,14.99,239.84
2023-03-24,P010,Face Moisturiser SPF50,Beauty,14,18.99,265.86
2023-03-25,P001,Wireless Earbuds Pro,Electronics,20,29.99,599.8
2023-03-25,P002,Running Shoes X200,Footwear,13,59.99,779.87
2023-03-25,P003,Organic Green Tea (50 bags),Grocery,43,8.99,386.57
2023-03-25,P004,Yoga Mat Premium,Sports,14,24.99,349.86
2023-03-25,P005,USB-C Hub 7-in-1,Electronics,14,34.99,489.86
2023-03-25,P006,Protein Powder Vanilla 1kg,Health,15,39.99,599.85
2023-03-25,P007,Smart Water Bottle,Sports,21,19.99,419.79
2023-03-25,P008,Coffee Beans Premium 250g,Grocery,44,12.99,571.56
2023-03-25,P009,Resistance Band Set,Sports,16,14.99,239.84
2023-03-25,P010,Face Moisturiser SPF50,Beauty,16,18.99,303.84
2023-03-27,P001,Wireless Earbuds Pro,Electronics,12,29.99,359.88
2023-03-27,P002,Running Shoes X200,Footwear,6,59.99,359.94
2023-03-27,P003,Organic Green Tea (50 bags),Grocery,21,8.99,188.79
2023-03-27,P004,Yoga Mat Premium,Sports,7,24.99,174.93
2023-03-27,P005,USB-C Hub 7-in-1,Electronics,8,34.99,279.92
2023-03-27,P006,Protein Powder Vanilla 1kg,Health,22,39.99,879.78
2023-03-27,P007,Smart Water Bottle,Sports,6,19.99,119.94
2023-03-27,P008,Coffee Beans Premium 250g,Grocery,32,12.99,415.68
2023-03-27,P009,Resistance Band Set,Sports,7,14.99,104.93
2023-03-27,P010,Face Moisturiser SPF50,Beauty,22,18.99,417.78
2023-03-28,P001,Wireless Earbuds Pro,Electronics,11,29.99,329.89
2023-03-28,P002,Running Shoes X200,Footwear,13,59.99,779.87
2023-03-28,P003,Organic Green Tea (50 bags),Grocery,25,8.99,224.75
2023-03-28,P004,Yoga Mat Premium,Sports,5,24.99,124.95
2023-03-28,P005,USB-C Hub 7-in-1,Electronics,12,34.99,419.88
2023-03-28,P006,Protein Powder Vanilla 1kg,Health,21,39.99,839.79
2023-03-28,P007,Smart Water Bottle,Sports,7,19.99,139.93
2023-03-28,P008,Coffee Beans Premium 250g,Grocery,37,12.99,480.63
2023-03-28,P009,Resistance Band Set,Sports,13,14.99,194.87
2023-03-28,P010,Face Moisturiser SPF50,Beauty,11,18.99,208.89
2023-03-29,P001,Wireless Earbuds Pro,Electronics,17,29.99,509.83
2023-03-29,P002,Running Shoes X200,Footwear,9,59.99,539.91
2023-03-29,P003,Organic Green Tea (50 bags),Grocery,34,8.99,305.66
2023-03-29,P004,Yoga Mat Premium,Sports,5,24.99,124.95
2023-03-29,P005,USB-C Hub 7-in-1,Electronics,17,34.99,594.83
2023-03-29,P006,Protein Powder Vanilla 1kg,Health,18,39.99,719.82
2023-03-29,P007,Smart Water Bottle,Sports,8,19.99,159.92
2023-03-29,P008,Coffee Beans Premium 250g,Grocery,38,12.99,493.62
2023-03-29,P009,Resistance Band Set,Sports,14,14.99,209.86
2023-03-29,P010,Face Moisturiser SPF50,Beauty,14,18.99,265.86
2023-03-30,P001,Wireless Earbuds Pro,Electronics,13,29.99,389.87
2023-03-30,P002,Running Shoes X200,Footwear,7,59.99,419.93
2023-03-30,P003,Organic Green Tea (50 bags),Grocery,22,8.99,197.78
2023-03-30,P004,Yoga Mat Premium,Sports,9,24.99,224.91
2023-03-30,P005,USB-C Hub 7-in-1,Electronics,16,34.99,559.84
2023-03-30,P006,Protein Powder Vanilla 1kg,Health,20,39.99,799.8
2023-03-30,P007,Smart Water Bottle,Sports,12,19.99,239.88
2023-03-30,P008,Coffee Beans Premium 250g,Grocery,32,12.99,415.68
2023-03-30,P009,Resistance Band Set,Sports,10,14.99,149.9
2023-03-30,P010,Face Moisturiser SPF50,Beauty,13,18.99,246.87
2023-03-31,P001,Wireless Earbuds Pro,Electronics,10,29.99,299.9
2023-03-31,P002,Running Shoes X200,Footwear,10,59.99,599.9
2023-03-31,P003,Organic Green Tea (50 bags),Grocery,21,8.99,188.79
2023-03-31,P004,Yoga Mat Premium,Sports,11,24.99,274.89
2023-03-31,P005,USB-C Hub 7-in-1,Electronics,6,34.99,209.94
2023-03-31,P006,Protein Powder Vanilla 1kg,Health,16,39.99,639.84
2023-03-31,P007,Smart Water Bottle,Sports,4,19.99,79.96
2023-03-31,P008,Coffee Beans Premium 250g,Grocery,38,12.99,493.62
2023-03-31,P009,Resistance Band Set,Sports,14,14.99,209.86
2023-03-31,P010,Face Moisturiser SPF50,Beauty,10,18.99,189.9
2023-04-01,P001,Wireless Earbuds Pro,Electronics,18,29.99,539.82
2023-04-01,P002,Running Shoes X200,Footwear,18,59.99,1079.82
2023-04-01,P003,Organic Green Tea (50 bags),Grocery,34,8.99,305.66
2023-04-01,P004,Yoga Mat Premium,Sports,7,24.99,174.93
2023-04-01,P005,USB-C Hub 7-in-1,Electronics,14,34.99,489.86
2023-04-01,P006,Protein Powder Vanilla 1kg,Health,20,39.99,799.8
2023-04-01,P007,Smart Water Bottle,Sports,11,19.99,219.89
2023-04-01,P008,Coffee Beans Premium 250g,Grocery,33,12.99,428.67
2023-04-01,P009,Resistance Band Set,Sports,16,14.99,239.84
2023-04-01,P010,Face Moisturiser SPF50,Beauty,16,18.99,303.84
2023-04-03,P001,Wireless Earbuds Pro,Electronics,12,29.99,359.88
2023-04-03,P002,Running Shoes X200,Footwear,8,59.99,479.92
2023-04-03,P003,Organic Green Tea (50 bags),Grocery,22,8.99,197.78
2023-04-03,P004,Yoga Mat Premium,Sports,6,24.99,149.94
2023-04-03,P005,USB-C Hub 7-in-1,Electronics,18,34.99,629.82
2023-04-03,P006,Protein Powder Vanilla 1kg,Health,10,39.99,399.9
2023-04-03,P007,Smart Water Bottle,Sports,11,19.99,219.89
2023-04-03,P008,Coffee Beans Premium 250g,Grocery,36,12.99,467.64
2023-04-03,P009,Resistance Band Set,Sports,10,14.99,149.9
2023-04-03,P010,Face Moisturiser SPF50,Beauty,14,18.99,265.86
2023-04-04,P001,Wireless Earbuds Pro,Electronics,16,29.99,479.84
2023-04-04,P002,Running Shoes X200,Footwear,5,59.99,299.95
2023-04-04,P003,Organic Green Tea (50 bags),Grocery,27,8.99,242.73
2023-04-04,P004,Yoga Mat Premium,Sports,12,24.99,299.88
2023-04-04,P005,USB-C Hub 7-in-1,Electronics,14,34.99,489.86
2023-04-04,P006,Protein Powder Vanilla 1kg,Health,19,39.99,759.81
2023-04-04,P007,Smart Water Bottle,Sports,11,19.99,219.89
2023-04-04,P008,Coffee Beans Premium 250g,Grocery,33,12.99,428.67
2023-04-04,P009,Resistance Band Set,Sports,18,14.99,269.82
2023-04-04,P010,Face Moisturiser SPF50,Beauty,21,18.99,398.79
2023-04-05,P001,Wireless Earbuds Pro,Electronics,14,29.99,419.86
2023-04-05,P002,Running Shoes X200,Footwear,4,59.99,239.96
2023-04-05,P003,Organic Green Tea (50 bags),Grocery,27,8.99,242.73
2023-04-05,P004,Yoga Mat Premium,Sports,8,24.99,199.92
2023-04-05,P005,USB-C Hub 7-in-1,Electronics,12,34.99,419.88
2023-04-05,P006,Protein Powder Vanilla 1kg,Health,19,39.99,759.81
2023-04-05,P007,Smart Water Bottle,Sports,17,19.99,339.83
2023-04-05,P008,Coffee Beans Premium 250g,Grocery,36,12.99,467.64
2023-04-05,P009,Resistance Band Set,Sports,10,14.99,149.9
2023-04-05,P010,Face Moisturiser SPF50,Beauty,15,18.99,284.85
2023-04-06,P001,Wireless Earbuds Pro,Electronics,10,29.99,299.9
2023-04-06,P002,Running Shoes X200,Footwear,5,59.99,299.95
2023-04-06,P003,Organic Green Tea (50 bags),Grocery,31,8.99,278.69
2023-04-06,P004,Yoga Mat Premium,Sports,2,24.99,49.98
2023-04-06,P005,USB-C Hub 7-in-1,Electronics,7,34.99,244.93
2023-04-06,P006,Protein Powder Vanilla 1kg,Health,16,39.99,639.84
2023-04-06,P007,Smart Water Bottle,Sports,9,19.99,179.91
2023-04-06,P008,Coffee Beans Premium 250g,Grocery,36,12.99,467.64
2023-04-06,P009,Resistance Band Set,Sports,16,14.99,239.84
2023-04-06,P010,Face Moisturiser SPF50,Beauty,16,18.99,303.84
2023-04-07,P001,Wireless Earbuds Pro,Electronics,16,29.99,479.84
2023-04-07,P002,Running Shoes X200,Footwear,11,59.99,659.89
2023-04-07,P003,Organic Green Tea (50 bags),Grocery,28,8.99,251.72
2023-04-07,P004,Yoga Mat Premium,Sports,4,24.99,99.96
2023-04-07,P005,USB-C Hub 7-in-1,Electronics,11,34.99,384.89
2023-04-07,P006,Protein Powder Vanilla 1kg,Health,15,39.99,599.85
2023-04-07,P007,Smart Water Bottle,Sports,11,19.99,219.89
2023-04-07,P008,Coffee Beans Premium 250g,Grocery,36,12.99,467.64
2023-04-07,P009,Resistance Band Set,Sports,16,14.99,239.84
2023-04-07,P010,Face Moisturiser SPF50,Beauty,11,18.99,208.89
2023-04-08,P001,Wireless Earbuds Pro,Electronics,16,29.99,479.84
2023-04-08,P002,Running Shoes X200,Footwear,14,59.99,839.86
2023-04-08,P003,Organic Green Tea (50 bags),Grocery,41,8.99,368.59
2023-04-08,P004,Yoga Mat Premium,Sports,12,24.99,299.88
2023-04-08,P005,USB-C Hub 7-in-1,Electronics,13,34.99,454.87
2023-04-08,P006,Protein Powder Vanilla 1kg,Health,19,39.99,759.81
2023-04-08,P007,Smart Water Bottle,Sports,17,19.99,339.83
2023-04-08,P008,Coffee Beans Premium 250g,Grocery,46,12.99,597.54
2023-04-08,P009,Resistance Band Set,Sports,14,14.99,209.86
2023-04-08,P010,Face Moisturiser SPF50,Beauty,23,18.99,436.77
2023-04-10,P001,Wireless Earbuds Pro,Electronics,13,29.99,389.87
2023-04-10,P002,Running Shoes X200,Footwear,10,59.99,599.9
2023-04-10,P003,Organic Green Tea (50 bags),Grocery,25,8.99,224.75
2023-04-10,P004,Yoga Mat Premium,Sports,8,24.99,199.92
2023-04-10,P005,USB-C Hub 7-in-1,Electronics,13,34.99,454.87
2023-04-10,P006,Protein Powder Vanilla 1kg,Health,19,39.99,759.81
2023-04-10,P007,Smart Water Bottle,Sports,11,19.99,219.89
2023-04-10,P008,Coffee Beans Premium 250g,Grocery,31,12.99,402.69
2023-04-10,P009,Resistance Band Set,Sports,9,14.99,134.91
2023-04-10,P010,Face Moisturiser SPF50,Beauty,13,18.99,246.87
2023-04-11,P001,Wireless Earbuds Pro,Electronics,17,29.99,509.83
2023-04-11,P002,Running Shoes X200,Footwear,6,59.99,359.94
2023-04-11,P003,Organic Green Tea (50 bags),Grocery,29,8.99,260.71
2023-04-11,P004,Yoga Mat Premium,Sports,3,24.99,74.97
2023-04-11,P005,USB-C Hub 7-in-1,Electronics,9,34.99,314.91
2023-04-11,P006,Protein Powder Vanilla 1kg,Health,19,39.99,759.81
2023-04-11,P007,Smart Water Bottle,Sports,11,19.99,219.89
2023-04-11,P008,Coffee Beans Premium 250g,Grocery,31,12.99,402.69
2023-04-11,P009,Resistance Band Set,Sports,22,14.99,329.78
2023-04-11,P010,Face Moisturiser SPF50,Beauty,22,18.99,417.78
2023-04-12,P001,Wireless Earbuds Pro,Electronics,15,29.99,449.85
2023-04-12,P002,Running Shoes X200,Footwear,6,59.99,359.94
2023-04-12,P003,Organic Green Tea (50 bags),Grocery,33,8.99,296.67
2023-04-12,P004,Yoga Mat Premium,Sports,8,24.99,199.92
2023-04-12,P005,USB-C Hub 7-in-1,Electronics,9,34.99,314.91
2023-04-12,P006,Protein Powder Vanilla 1kg,Health,19,39.99,759.81
2023-04-12,P007,Smart Water Bottle,Sports,11,19.99,219.89
2023-04-12,P008,Coffee Beans Premium 250g,Grocery,39,12.99,506.61
2023-04-12,P009,Resistance Band Set,Sports,15,14.99,224.85
2023-04-12,P010,Face Moisturiser SPF50,Beauty,14,18.99,265.86
2023-04-13,P001,Wireless Earbuds Pro,Electronics,20,29.99,599.8
2023-04-13,P002,Running Shoes X200,Footwear,5,59.99,299.95
2023-04-13,P003,Organic Green Tea (50 bags),Grocery,33,8.99,296.67
2023-04-13,P004,Yoga Mat Premium,Sports,5,24.99,124.95
2023-04-13,P005,USB-C Hub 7-in-1,Electronics,12,34.99,419.88
2023-04-13,P006,Protein Powder Vanilla 1kg,Health,18,39.99,719.82
2023-04-13,P007,Smart Water Bottle,Sports,12,19.99,239.88
2023-04-13,P008,Coffee Beans Premium 250g,Grocery,30,12.99,389.7
2023-04-13,P009,Resistance Band Set,Sports,11,14.99,164.89
2023-04-13,P010,Face Moisturiser SPF50,Beauty,16,18.99,303.84
2023-04-14,P001,Wireless Earbuds Pro,Electronics,15,29.99,449.85
2023-04-14,P002,Running Shoes X200,Footwear,8,59.99,479.92
2023-04-14,P003,Organic Green Tea (50 bags),Grocery,30,8.99,269.7
2023-04-14,P004,Yoga Mat Premium,Sports,7,24.99,174.93
2023-04-14,P005,USB-C Hub 7-in-1,Electronics,9,34.99,314.91
2023-04-14,P006,Protein Powder Vanilla 1kg,Health,19,39.99,759.81
2023-04-14,P007,Smart Water Bottle,Sports,7,19.99,139.93
2023-04-14,P008,Coffee Beans Premium 250g,Grocery,51,12.99,662.49
2023-04-14,P009,Resistance Band Set,Sports,13,14.99,194.87
2023-04-14,P010,Face Moisturiser SPF50,Beauty,17,18.99,322.83
2023-04-15,P001,Wireless Earbuds Pro,Electronics,9,29.99,269.91
2023-04-15,P002,Running Shoes X200,Footwear,13,59.99,779.87
2023-04-15,P003,Organic Green Tea (50 bags),Grocery,33,8.99,296.67
2023-04-15,P004,Yoga Mat Premium,Sports,11,24.99,274.89
2023-04-15,P005,USB-C Hub 7-in-1,Electronics,17,34.99,594.83
2023-04-15,P006,Protein Powder Vanilla 1kg,Health,18,39.99,719.82
2023-04-15,P007,Smart Water Bottle,Sports,14,19.99,279.86
2023-04-15,P008,Coffee Beans Premium 250g,Grocery,57,12.99,740.43
2023-04-15,P009,Resistance Band Set,Sports,14,14.99,209.86
2023-04-15,P010,Face Moisturiser SPF50,Beauty,25,18.99,474.75
2023-04-17,P001,Wireless Earbuds Pro,Electronics,12,29.99,359.88
2023-04-17,P002,Running Shoes X200,Footwear,10,59.99,599.9
2023-04-17,P003,Organic Green Tea (50 bags),Grocery,27,8.99,242.73
2023-04-17,P004,Yoga Mat Premium,Sports,6,24.99,149.94
2023-04-17,P005,USB-C Hub 7-in-1,Electronics,17,34.99,594.83
2023-04-17,P006,Protein Powder Vanilla 1kg,Health,16,39.99,639.84
2023-04-17,P007,Smart Water Bottle,Sports,10,19.99,199.9
2023-04-17,P008,Coffee Beans Premium 250g,Grocery,24,12.99,311.76
2023-04-17,P009,Resistance Band Set,Sports,20,14.99,299.8
2023-04-17,P010,Face Moisturiser SPF50,Beauty,26,18.99,493.74
2023-04-18,P001,Wireless Earbuds Pro,Electronics,14,29.99,419.86
2023-04-18,P002,Running Shoes X200,Footwear,8,59.99,479.92
2023-04-18,P003,Organic Green Tea (50 bags),Grocery,30,8.99,269.7
2023-04-18,P004,Yoga Mat Premium,Sports,9,24.99,224.91
2023-04-18,P005,USB-C Hub 7-in-1,Electronics,7,34.99,244.93
2023-04-18,P006,Protein Powder Vanilla 1kg,Health,17,39.99,679.83
2023-04-18,P007,Smart Water Bottle,Sports,13,19.99,259.87
2023-04-18,P008,Coffee Beans Premium 250g,Grocery,42,12.99,545.58
2023-04-18,P009,Resistance Band Set,Sports,13,14.99,194.87
2023-04-18,P010,Face Moisturiser SPF50,Beauty,14,18.99,265.86
2023-04-19,P001,Wireless Earbuds Pro,Electronics,26,29.99,779.74
2023-04-19,P002,Running Shoes X200,Footwear,10,59.99,599.9
2023-04-19,P003,Organic Green Tea (50 bags),Grocery,35,8.99,314.65
2023-04-19,P004,Yoga Mat Premium,Sports,4,24.99,99.96
2023-04-19,P005,USB-C Hub 7-in-1,Electronics,11,34.99,384.89
2023-04-19,P006,Protein Powder Vanilla 1kg,Health,17,39.99,679.83
2023-04-19,P007,Smart Water Bottle,Sports,11,19.99,219.89
2023-04-19,P008,Coffee Beans Premium 250g,Grocery,41,12.99,532.59
2023-04-19,P009,Resistance Band Set,Sports,17,14.99,254.83
2023-04-19,P010,Face Moisturiser SPF50,Beauty,20,18.99,379.8
2023-04-20,P001,Wireless Earbuds Pro,Electronics,15,29.99,449.85
2023-04-20,P002,Running Shoes X200,Footwear,8,59.99,479.92
2023-04-20,P003,Organic Green Tea (50 bags),Grocery,32,8.99,287.68
2023-04-20,P004,Yoga Mat Premium,Sports,5,24.99,124.95
2023-04-20,P005,USB-C Hub 7-in-1,Electronics,11,34.99,384.89
2023-04-20,P006,Protein Powder Vanilla 1kg,Health,18,39.99,719.82
2023-04-20,P007,Smart Water Bottle,Sports,14,19.99,279.86
2023-04-20,P008,Coffee Beans Premium 250g,Grocery,36,12.99,467.64
2023-04-20,P009,Resistance Band Set,Sports,14,14.99,209.86
2023-04-20,P010,Face Moisturiser SPF50,Beauty,7,18.99,132.93
2023-04-21,P001,Wireless Earbuds Pro,Electronics,5,29.99,149.95
2023-04-21,P002,Running Shoes X200,Footwear,7,59.99,419.93
2023-04-21,P003,Organic Green Tea (50 bags),Grocery,22,8.99,197.78
2023-04-21,P004,Yoga Mat Premium,Sports,9,24.99,224.91
2023-04-21,P005,USB-C Hub 7-in-1,Electronics,13,34.99,454.87
2023-04-21,P006,Protein Powder Vanilla 1kg,Health,18,39.99,719.82
2023-04-21,P007,Smart Water Bottle,Sports,7,19.99,139.93
2023-04-21,P008,Coffee Beans Premium 250g,Grocery,50,12.99,649.5
2023-04-21,P009,Resistance Band Set,Sports,16,14.99,239.84
2023-04-21,P010,Face Moisturiser SPF50,Beauty,15,18.99,284.85
2023-04-22,P001,Wireless Earbuds Pro,Electronics,12,29.99,359.88
2023-04-22,P002,Running Shoes X200,Footwear,16,59.99,959.84
2023-04-22,P003,Organic Green Tea (50 bags),Grocery,40,8.99,359.6
2023-04-22,P004,Yoga Mat Premium,Sports,10,24.99,249.9
2023-04-22,P005,USB-C Hub 7-in-1,Electronics,13,34.99,454.87
2023-04-22,P006,Protein Powder Vanilla 1kg,Health,22,39.99,879.78
2023-04-22,P007,Smart Water Bottle,Sports,19,19.99,379.81
2023-04-22,P008,Coffee Beans Premium 250g,Grocery,51,12.99,662.49
2023-04-22,P009,Resistance Band Set,Sports,16,14.99,239.84
2023-04-22,P010,Face Moisturiser SPF50,Beauty,20,18.99,379.8
2023-04-24,P001,Wireless Earbuds Pro,Electronics,16,29.99,479.84
2023-04-24,P002,Running Shoes X200,Footwear,11,59.99,659.89
2023-04-24,P003,Organic Green Tea (50 bags),Grocery,31,8.99,278.69
2023-04-24,P004,Yoga Mat Premium,Sports,6,24.99,149.94
2023-04-24,P005,USB-C Hub 7-in-1,Electronics,10,34.99,349.9
2023-04-24,P006,Protein Powder Vanilla 1kg,Health,19,39.99,759.81
2023-04-24,P007,Smart Water Bottle,Sports,13,19.99,259.87
2023-04-24,P008,Coffee Beans Premium 250g,Grocery,42,12.99,545.58
2023-04-24,P009,Resistance Band Set,Sports,14,14.99,209.86
2023-04-24,P010,Face Moisturiser SPF50,Beauty,11,18.99,208.89
2023-04-25,P001,Wireless Earbuds Pro,Electronics,13,29.99,389.87
2023-04-25,P002,Running Shoes X200,Footwear,6,59.99,359.94
2023-04-25,P003,Organic Green Tea (50 bags),Grocery,31,8.99,278.69
2023-04-25,P004,Yoga Mat Premium,Sports,6,24.99,149.94
2023-04-25,P005,USB-C Hub 7-in-1,Electronics,17,34.99,594.83
2023-04-25,P006,Protein Powder Vanilla 1kg,Health,19,39.99,759.81
2023-04-25,P007,Smart Water Bottle,Sports,12,19.99,239.88
2023-04-25,P008,Coffee Beans Premium 250g,Grocery,35,12.99,454.65
2023-04-25,P009,Resistance Band Set,Sports,19,14.99,284.81
2023-04-25,P010,Face Moisturiser SPF50,Beauty,12,18.99,227.88
2023-04-26,P001,Wireless Earbuds Pro,Electronics,11,29.99,329.89
2023-04-26,P002,Running Shoes X200,Footwear,7,59.99,419.93
2023-04-26,P003,Organic Green Tea (50 bags),Grocery,30,8.99,269.7
2023-04-26,P004,Yoga Mat Premium,Sports,5,24.99,124.95
2023-04-26,P005,USB-C Hub 7-in-1,Electronics,17,34.99,594.83
2023-04-26,P006,Protein Powder Vanilla 1kg,Health,19,39.99,759.81
2023-04-26,P007,Smart Water Bottle,Sports,9,19.99,179.91
2023-04-26,P008,Coffee Beans Premium 250g,Grocery,23,12.99,298.77
2023-04-26,P009,Resistance Band Set,Sports,19,14.99,284.81
2023-04-26,P010,Face Moisturiser SPF50,Beauty,13,18.99,246.87
2023-04-27,P001,Wireless Earbuds Pro,Electronics,19,29.99,569.81
2023-04-27,P002,Running Shoes X200,Footwear,16,59.99,959.84
2023-04-27,P003,Organic Green Tea (50 bags),Grocery,33,8.99,296.67
2023-04-27,P004,Yoga Mat Premium,Sports,8,24.99,199.92
2023-04-27,P005,USB-C Hub 7-in-1,Electronics,9,34.99,314.91
2023-04-27,P006,Protein Powder Vanilla 1kg,Health,16,39.99,639.84
2023-04-27,P007,Smart Water Bottle,Sports,10,19.99,199.9
2023-04-27,P008,Coffee Beans Premium 250g,Grocery,24,12.99,311.76
2023-04-27,P009,Resistance Band Set,Sports,8,14.99,119.92
2023-04-27,P010,Face Moisturiser SPF50,Beauty,15,18.99,284.85
2023-04-28,P001,Wireless Earbuds Pro,Electronics,20,29.99,599.8
2023-04-28,P002,Running Shoes X200,Footwear,13,59.99,779.87
2023-04-28,P003,Organic Green Tea (50 bags),Grocery,37,8.99,332.63
2023-04-28,P004,Yoga Mat Premium,Sports,12,24.99,299.88
2023-04-28,P005,USB-C Hub 7-in-1,Electronics,17,34.99,594.83
2023-04-28,P006,Protein Powder Vanilla 1kg,Health,18,39.99,719.82
2023-04-28,P007,Smart Water Bottle,Sports,10,19.99,199.9
2023-04-28,P008,Coffee Beans Premium 250g,Grocery,43,12.99,558.57
2023-04-28,P009,Resistance Band Set,Sports,9,14.99,134.91
2023-04-28,P010,Face Moisturiser SPF50,Beauty,17,18.99,322.83
2023-04-29,P001,Wireless Earbuds Pro,Electronics,18,29.99,539.82
2023-04-29,P002,Running Shoes X200,Footwear,14,59.99,839.86
2023-04-29,P003,Organic Green Tea (50 bags),Grocery,37,8.99,332.63
2023-04-29,P004,Yoga Mat Premium,Sports,9,24.99,224.91
2023-04-29,P005,USB-C Hub 7-in-1,Electronics,24,34.99,839.76
2023-04-29,P006,Protein Powder Vanilla 1kg,Health,28,39.99,1119.72
2023-04-29,P007,Smart Water Bottle,Sports,9,19.99,179.91
2023-04-29,P008,Coffee Beans Premium 250g,Grocery,45,12.99,584.55
2023-04-29,P009,Resistance Band Set,Sports,15,14.99,224.85
2023-04-29,P010,Face Moisturiser SPF50,Beauty,21,18.99,398.79
2023-05-01,P001,Wireless Earbuds Pro,Electronics,15,29.99,449.85
2023-05-01,P002,Running Shoes X200,Footwear,9,59.99,539.91
2023-05-01,P003,Organic Green Tea (50 bags),Grocery,36,8.99,323.64
2023-05-01,P004,Yoga Mat Premium,Sports,10,24.99,249.9
2023-05-01,P005,USB-C Hub 7-in-1,Electronics,5,34.99,174.95
2023-05-01,P006,Protein Powder Vanilla 1kg,Health,17,39.99,679.83
2023-05-01,P007,Smart Water Bottle,Sports,7,19.99,139.93
2023-05-01,P008,Coffee Beans Premium 250g,Grocery,25,12.99,324.75
2023-05-01,P009,Resistance Band Set,Sports,20,14.99,299.8
2023-05-01,P010,Face Moisturiser SPF50,Beauty,11,18.99,208.89
2023-05-02,P001,Wireless Earbuds Pro,Electronics,13,29.99,389.87
2023-05-02,P002,Running Shoes X200,Footwear,6,59.99,359.94
2023-05-02,P003,Organic Green Tea (50 bags),Grocery,25,8.99,224.75
2023-05-02,P004,Yoga Mat Premium,Sports,8,24.99,199.92
2023-05-02,P005,USB-C Hub 7-in-1,Electronics,15,34.99,524.85
2023-05-02,P006,Protein Powder Vanilla 1kg,Health,15,39.99,599.85
2023-05-02,P007,Smart Water Bottle,Sports,6,19.99,119.94
2023-05-02,P008,Coffee Beans Premium 250g,Grocery,34,12.99,441.66
2023-05-02,P009,Resistance Band Set,Sports,12,14.99,179.88
2023-05-02,P010,Face Moisturiser SPF50,Beauty,21,18.99,398.79
2023-05-03,P001,Wireless Earbuds Pro,Electronics,19,29.99,569.81
2023-05-03,P002,Running Shoes X200,Footwear,6,59.99,359.94
2023-05-03,P003,Organic Green Tea (50 bags),Grocery,29,8.99,260.71
2023-05-03,P004,Yoga Mat Premium,Sports,7,24.99,174.93
2023-05-03,P005,USB-C Hub 7-in-1,Electronics,10,34.99,349.9
2023-05-03,P006,Protein Powder Vanilla 1kg,Health,12,39.99,479.88
2023-05-03,P007,Smart Water Bottle,Sports,6,19.99,119.94
2023-05-03,P008,Coffee Beans Premium 250g,Grocery,46,12.99,597.54
2023-05-03,P009,Resistance Band Set,Sports,17,14.99,254.83
2023-05-03,P010,Face Moisturiser SPF50,Beauty,14,18.99,265.86
2023-05-04,P001,Wireless Earbuds Pro,Electronics,20,29.99,599.8
2023-05-04,P002,Running Shoes X200,Footwear,8,59.99,479.92
2023-05-04,P003,Organic Green Tea (50 bags),Grocery,31,8.99,278.69
2023-05-04,P004,Yoga Mat Premium,Sports,6,24.99,149.94
2023-05-04,P005,USB-C Hub 7-in-1,Electronics,11,34.99,384.89
2023-05-04,P006,Protein Powder Vanilla 1kg,Health,14,39.99,559.86
2023-05-04,P007,Smart Water Bottle,Sports,18,19.99,359.82
2023-05-04,P008,Coffee Beans Premium 250g,Grocery,42,12.99,545.58
2023-05-04,P009,Resistance Band Set,Sports,17,14.99,254.83
2023-05-04,P010,Face Moisturiser SPF50,Beauty,19,18.99,360.81
2023-05-05,P001,Wireless Earbuds Pro,Electronics,16,29.99,479.84
2023-05-05,P002,Running Shoes X200,Footwear,8,59.99,479.92
2023-05-05,P003,Organic Green Tea (50 bags),Grocery,23,8.99,206.77
2023-05-05,P004,Yoga Mat Premium,Sports,8,24.99,199.92
2023-05-05,P005,USB-C Hub 7-in-1,Electronics,16,34.99,559.84
2023-05-05,P006,Protein Powder Vanilla 1kg,Health,16,39.99,639.84
2023-05-05,P007,Smart Water Bottle,Sports,9,19.99,179.91
2023-05-05,P008,Coffee Beans Premium 250g,Grocery,39,12.99,506.61
2023-05-05,P009,Resistance Band Set,Sports,12,14.99,179.88
2023-05-05,P010,Face Moisturiser SPF50,Beauty,12,18.99,227.88
2023-05-06,P001,Wireless Earbuds Pro,Electronics,13,29.99,389.87
2023-05-06,P002,Running Shoes X200,Footwear,19,59.99,1139.81
2023-05-06,P003,Organic Green Tea (50 bags),Grocery,58,8.99,521.42
2023-05-06,P004,Yoga Mat Premium,Sports,13,24.99,324.87
2023-05-06,P005,USB-C Hub 7-in-1,Electronics,17,34.99,594.83
2023-05-06,P006,Protein Powder Vanilla 1kg,Health,13,39.99,519.87
2023-05-06,P007,Smart Water Bottle,Sports,14,19.99,279.86
2023-05-06,P008,Coffee Beans Premium 250g,Grocery,46,12.99,597.54
2023-05-06,P009,Resistance Band Set,Sports,28,14.99,419.72
2023-05-06,P010,Face Moisturiser SPF50,Beauty,22,18.99,417.78
2023-05-08,P001,Wireless Earbuds Pro,Electronics,21,29.99,629.79
2023-05-08,P002,Running Shoes X200,Footwear,15,59.99,899.85
2023-05-08,P003,Organic Green Tea (50 bags),Grocery,30,8.99,269.7
2023-05-08,P004,Yoga Mat Premium,Sports,8,24.99,199.92
2023-05-08,P005,USB-C Hub 7-in-1,Electronics,11,34.99,384.89
2023-05-08,P006,Protein Powder Vanilla 1kg,Health,25,39.99,999.75
2023-05-08,P007,Smart Water Bottle,Sports,13,19.99,259.87
2023-05-08,P008,Coffee Beans Premium 250g,Grocery,36,12.99,467.64
2023-05-08,P009,Resistance Band Set,Sports,10,14.99,149.9
2023-05-08,P010,Face Moisturiser SPF50,Beauty,14,18.99,265.86
2023-05-09,P001,Wireless Earbuds Pro,Electronics,19,29.99,569.81
2023-05-09,P002,Running Shoes X200,Footwear,11,59.99,659.89
2023-05-09,P003,Organic Green Tea (50 bags),Grocery,28,8.99,251.72
2023-05-09,P004,Yoga Mat Premium,Sports,9,24.99,224.91
2023-05-09,P005,USB-C Hub 7-in-1,Electronics,12,34.99,419.88
2023-05-09,P006,Protein Powder Vanilla 1kg,Health,21,39.99,839.79
2023-05-09,P007,Smart Water Bottle,Sports,12,19.99,239.88
2023-05-09,P008,Coffee Beans Premium 250g,Grocery,31,12.99,402.69
2023-05-09,P009,Resistance Band Set,Sports,11,14.99,164.89
2023-05-09,P010,Face Moisturiser SPF50,Beauty,22,18.99,417.78
2023-05-10,P001,Wireless Earbuds Pro,Electronics,15,29.99,449.85
2023-05-10,P002,Running Shoes X200,Footwear,7,59.99,419.93
2023-05-10,P003,Organic Green Tea (50 bags),Grocery,29,8.99,260.71
2023-05-10,P004,Yoga Mat Premium,Sports,13,24.99,324.87
2023-05-10,P005,USB-C Hub 7-in-1,Electronics,16,34.99,559.84
2023-05-10,P006,Protein Powder Vanilla 1kg,Health,11,39.99,439.89
2023-05-10,P007,Smart Water Bottle,Sports,13,19.99,259.87
2023-05-10,P008,Coffee Beans Premium 250g,Grocery,33,12.99,428.67
2023-05-10,P009,Resistance Band Set,Sports,12,14.99,179.88
2023-05-10,P010,Face Moisturiser SPF50,Beauty,24,18.99,455.76
2023-05-11,P001,Wireless Earbuds Pro,Electronics,13,29.99,389.87
2023-05-11,P002,Running Shoes X200,Footwear,5,59.99,299.95
2023-05-11,P003,Organic Green Tea (50 bags),Grocery,35,8.99,314.65
2023-05-11,P004,Yoga Mat Premium,Sports,7,24.99,174.93
2023-05-11,P005,USB-C Hub 7-in-1,Electronics,9,34.99,314.91
2023-05-11,P006,Protein Powder Vanilla 1kg,Health,19,39.99,759.81
2023-05-11,P007,Smart Water Bottle,Sports,6,19.99,119.94
2023-05-11,P008,Coffee Beans Premium 250g,Grocery,28,12.99,363.72
2023-05-11,P009,Resistance Band Set,Sports,13,14.99,194.87
2023-05-11,P010,Face Moisturiser SPF50,Beauty,14,18.99,265.86
2023-05-12,P001,Wireless Earbuds Pro,Electronics,16,29.99,479.84
2023-05-12,P002,Running Shoes X200,Footwear,11,59.99,659.89
2023-05-12,P003,Organic Green Tea (50 bags),Grocery,33,8.99,296.67
2023-05-12,P004,Yoga Mat Premium,Sports,8,24.99,199.92
2023-05-12,P005,USB-C Hub 7-in-1,Electronics,13,34.99,454.87
2023-05-12,P006,Protein Powder Vanilla 1kg,Health,16,39.99,639.84
2023-05-12,P007,Smart Water Bottle,Sports,12,19.99,239.88
2023-05-12,P008,Coffee Beans Premium 250g,Grocery,28,12.99,363.72
2023-05-12,P009,Resistance Band Set,Sports,23,14.99,344.77
2023-05-12,P010,Face Moisturiser SPF50,Beauty,19,18.99,360.81
2023-05-13,P001,Wireless Earbuds Pro,Electronics,20,29.99,599.8
2023-05-13,P002,Running Shoes X200,Footwear,14,59.99,839.86
2023-05-13,P003,Organic Green Tea (50 bags),Grocery,38,8.99,341.62
2023-05-13,P004,Yoga Mat Premium,Sports,11,24.99,274.89
2023-05-13,P005,USB-C Hub 7-in-1,Electronics,16,34.99,559.84
2023-05-13,P006,Protein Powder Vanilla 1kg,Health,26,39.99,1039.74
2023-05-13,P007,Smart Water Bottle,Sports,12,19.99,239.88
2023-05-13,P008,Coffee Beans Premium 250g,Grocery,42,12.99,545.58
2023-05-13,P009,Resistance Band Set,Sports,14,14.99,209.86
2023-05-13,P010,Face Moisturiser SPF50,Beauty,21,18.99,398.79
2023-05-15,P001,Wireless Earbuds Pro,Electronics,14,29.99,419.86
2023-05-15,P002,Running Shoes X200,Footwear,14,59.99,839.86
2023-05-15,P003,Organic Green Tea (50 bags),Grocery,34,8.99,305.66
2023-05-15,P004,Yoga Mat Premium,Sports,7,24.99,174.93
2023-05-15,P005,USB-C Hub 7-in-1,Electronics,11,34.99,384.89
2023-05-15,P006,Protein Powder Vanilla 1kg,Health,18,39.99,719.82
2023-05-15,P007,Smart Water Bottle,Sports,8,19.99,159.92
2023-05-15,P008,Coffee Beans Premium 250g,Grocery,42,12.99,545.58
2023-05-15,P009,Resistance Band Set,Sports,15,14.99,224.85
2023-05-15,P010,Face Moisturiser SPF50,Beauty,20,18.99,379.8
2023-05-16,P001,Wireless Earbuds Pro,Electronics,7,29.99,209.93
2023-05-16,P002,Running Shoes X200,Footwear,8,59.99,479.92
2023-05-16,P003,Organic Green Tea (50 bags),Grocery,34,8.99,305.66
2023-05-16,P004,Yoga Mat Premium,Sports,5,24.99,124.95
2023-05-16,P005,USB-C Hub 7-in-1,Electronics,12,34.99,419.88
2023-05-16,P006,Protein Powder Vanilla 1kg,Health,21,39.99,839.79
2023-05-16,P007,Smart Water Bottle,Sports,11,19.99,219.89
2023-05-16,P008,Coffee Beans Premium 250g,Grocery,35,12.99,454.65
2023-05-16,P009,Resistance Band Set,Sports,16,14.99,239.84
2023-05-16,P010,Face Moisturiser SPF50,Beauty,23,18.99,436.77
2023-05-17,P001,Wireless Earbuds Pro,Electronics,8,29.99,239.92
2023-05-17,P002,Running Shoes X200,Footwear,11,59.99,659.89
2023-05-17,P003,Organic Green Tea (50 bags),Grocery,25,8.99,224.75
2023-05-17,P004,Yoga Mat Premium,Sports,7,24.99,174.93
2023-05-17,P005,USB-C Hub 7-in-1,Electronics,9,34.99,314.91
2023-05-17,P006,Protein Powder Vanilla 1kg,Health,18,39.99,719.82
2023-05-17,P007,Smart Water Bottle,Sports,6,19.99,119.94
2023-05-17,P008,Coffee Beans Premium 250g,Grocery,33,12.99,428.67
2023-05-17,P009,Resistance Band Set,Sports,4,14.99,59.96
2023-05-17,P010,Face Moisturiser SPF50,Beauty,21,18.99,398.79
2023-05-18,P001,Wireless Earbuds Pro,Electronics,14,29.99,419.86
2023-05-18,P002,Running Shoes X200,Footwear,6,59.99,359.94
2023-05-18,P003,Organic Green Tea (50 bags),Grocery,32,8.99,287.68
2023-05-18,P004,Yoga Mat Premium,Sports,11,24.99,274.89
2023-05-18,P005,USB-C Hub 7-in-1,Electronics,13,34.99,454.87
2023-05-18,P006,Protein Powder Vanilla 1kg,Health,16,39.99,639.84
2023-05-18,P007,Smart Water Bottle,Sports,12,19.99,239.88
2023-05-18,P008,Coffee Beans Premium 250g,Grocery,30,12.99,389.7
2023-05-18,P009,Resistance Band Set,Sports,14,14.99,209.86
2023-05-18,P010,Face Moisturiser SPF50,Beauty,15,18.99,284.85
2023-05-19,P001,Wireless Earbuds Pro,Electronics,23,29.99,689.77
2023-05-19,P002,Running Shoes X200,Footwear,6,59.99,359.94
2023-05-19,P003,Organic Green Tea (50 bags),Grocery,45,8.99,404.55
2023-05-19,P004,Yoga Mat Premium,Sports,6,24.99,149.94
2023-05-19,P005,USB-C Hub 7-in-1,Electronics,13,34.99,454.87
2023-05-19,P006,Protein Powder Vanilla 1kg,Health,17,39.99,679.83
2023-05-19,P007,Smart Water Bottle,Sports,11,19.99,219.89
2023-05-19,P008,Coffee Beans Premium 250g,Grocery,32,12.99,415.68
2023-05-19,P009,Resistance Band Set,Sports,16,14.99,239.84
2023-05-19,P010,Face Moisturiser SPF50,Beauty,16,18.99,303.84
2023-05-20,P001,Wireless Earbuds Pro,Electronics,14,29.99,419.86
2023-05-20,P002,Running Shoes X200,Footwear,11,59.99,659.89
2023-05-20,P003,Organic Green Tea (50 bags),Grocery,46,8.99,413.54
2023-05-20,P004,Yoga Mat Premium,Sports,8,24.99,199.92
2023-05-20,P005,USB-C Hub 7-in-1,Electronics,18,34.99,629.82
2023-05-20,P006,Protein Powder Vanilla 1kg,Health,25,39.99,999.75
2023-05-20,P007,Smart Water Bottle,Sports,10,19.99,199.9
2023-05-20,P008,Coffee Beans Premium 250g,Grocery,58,12.99,753.42
2023-05-20,P009,Resistance Band Set,Sports,21,14.99,314.79
2023-05-20,P010,Face Moisturiser SPF50,Beauty,15,18.99,284.85
2023-05-22,P001,Wireless Earbuds Pro,Electronics,14,29.99,419.86
2023-05-22,P002,Running Shoes X200,Footwear,13,59.99,779.87
2023-05-22,P003,Organic Green Tea (50 bags),Grocery,19,8.99,170.81
2023-05-22,P004,Yoga Mat Premium,Sports,7,24.99,174.93
2023-05-22,P005,USB-C Hub 7-in-1,Electronics,12,34.99,419.88
2023-05-22,P006,Protein Powder Vanilla 1kg,Health,21,39.99,839.79
2023-05-22,P007,Smart Water Bottle,Sports,12,19.99,239.88
2023-05-22,P008,Coffee Beans Premium 250g,Grocery,41,12.99,532.59
2023-05-22,P009,Resistance Band Set,Sports,15,14.99,224.85
2023-05-22,P010,Face Moisturiser SPF50,Beauty,17,18.99,322.83
2023-05-23,P001,Wireless Earbuds Pro,Electronics,8,29.99,239.92
2023-05-23,P002,Running Shoes X200,Footwear,9,59.99,539.91
2023-05-23,P003,Organic Green Tea (50 bags),Grocery,29,8.99,260.71
2023-05-23,P004,Yoga Mat Premium,Sports,7,24.99,174.93
2023-05-23,P005,USB-C Hub 7-in-1,Electronics,17,34.99,594.83
2023-05-23,P006,Protein Powder Vanilla 1kg,Health,21,39.99,839.79
2023-05-23,P007,Smart Water Bottle,Sports,5,19.99,99.95
2023-05-23,P008,Coffee Beans Premium 250g,Grocery,34,12.99,441.66
2023-05-23,P009,Resistance Band Set,Sports,17,14.99,254.83
2023-05-23,P010,Face Moisturiser SPF50,Beauty,22,18.99,417.78
2023-05-24,P001,Wireless Earbuds Pro,Electronics,14,29.99,419.86
2023-05-24,P002,Running Shoes X200,Footwear,15,59.99,899.85
2023-05-24,P003,Organic Green Tea (50 bags),Grocery,31,8.99,278.69
2023-05-24,P004,Yoga Mat Premium,Sports,6,24.99,149.94
2023-05-24,P005,USB-C Hub 7-in-1,Electronics,12,34.99,419.88
2023-05-24,P006,Protein Powder Vanilla 1kg,Health,21,39.99,839.79
2023-05-24,P007,Smart Water Bottle,Sports,14,19.99,279.86
2023-05-24,P008,Coffee Beans Premium 250g,Grocery,40,12.99,519.6
2023-05-24,P009,Resistance Band Set,Sports,15,14.99,224.85
2023-05-24,P010,Face Moisturiser SPF50,Beauty,17,18.99,322.83
2023-05-25,P001,Wireless Earbuds Pro,Electronics,8,29.99,239.92
2023-05-25,P002,Running Shoes X200,Footwear,7,59.99,419.93
2023-05-25,P003,Organic Green Tea (50 bags),Grocery,39,8.99,350.61
2023-05-25,P004,Yoga Mat Premium,Sports,7,24.99,174.93
2023-05-25,P005,USB-C Hub 7-in-1,Electronics,5,34.99,174.95
2023-05-25,P006,Protein Powder Vanilla 1kg,Health,13,39.99,519.87
2023-05-25,P007,Smart Water Bottle,Sports,12,19.99,239.88
2023-05-25,P008,Coffee Beans Premium 250g,Grocery,41,12.99,532.59
2023-05-25,P009,Resistance Band Set,Sports,16,14.99,239.84
2023-05-25,P010,Face Moisturiser SPF50,Beauty,19,18.99,360.81
2023-05-26,P001,Wireless Earbuds Pro,Electronics,17,29.99,509.83
2023-05-26,P002,Running Shoes X200,Footwear,10,59.99,599.9
2023-05-26,P003,Organic Green Tea (50 bags),Grocery,30,8.99,269.7
2023-05-26,P004,Yoga Mat Premium,Sports,8,24.99,199.92
2023-05-26,P005,USB-C Hub 7-in-1,Electronics,14,34.99,489.86
2023-05-26,P006,Protein Powder Vanilla 1kg,Health,22,39.99,879.78
2023-05-26,P007,Smart Water Bottle,Sports,9,19.99,179.91
2023-05-26,P008,Coffee Beans Premium 250g,Grocery,40,12.99,519.6
2023-05-26,P009,Resistance Band Set,Sports,19,14.99,284.81
2023-05-26,P010,Face Moisturiser SPF50,Beauty,17,18.99,322.83
2023-05-27,P001,Wireless Earbuds Pro,Electronics,22,29.99,659.78
2023-05-27,P002,Running Shoes X200,Footwear,10,59.99,599.9
2023-05-27,P003,Organic Green Tea (50 bags),Grocery,35,8.99,314.65
2023-05-27,P004,Yoga Mat Premium,Sports,9,24.99,224.91
2023-05-27,P005,USB-C Hub 7-in-1,Electronics,10,34.99,349.9
2023-05-27,P006,Protein Powder Vanilla 1kg,Health,26,39.99,1039.74
2023-05-27,P007,Smart Water Bottle,Sports,11,19.99,219.89
2023-05-27,P008,Coffee Beans Premium 250g,Grocery,34,12.99,441.66
2023-05-27,P009,Resistance Band Set,Sports,23,14.99,344.77
2023-05-27,P010,Face Moisturiser SPF50,Beauty,28,18.99,531.72
2023-05-29,P001,Wireless Earbuds Pro,Electronics,13,29.99,389.87
2023-05-29,P002,Running Shoes X200,Footwear,9,59.99,539.91
2023-05-29,P003,Organic Green Tea (50 bags),Grocery,24,8.99,215.76
2023-05-29,P004,Yoga Mat Premium,Sports,11,24.99,274.89
2023-05-29,P005,USB-C Hub 7-in-1,Electronics,10,34.99,349.9
2023-05-29,P006,Protein Powder Vanilla 1kg,Health,14,39.99,559.86
2023-05-29,P007,Smart Water Bottle,Sports,7,19.99,139.93
2023-05-29,P008,Coffee Beans Premium 250g,Grocery,37,12.99,480.63
2023-05-29,P009,Resistance Band Set,Sports,10,14.99,149.9
2023-05-29,P010,Face Moisturiser SPF50,Beauty,21,18.99,398.79
2023-05-30,P001,Wireless Earbuds Pro,Electronics,21,29.99,629.79
2023-05-30,P002,Running Shoes X200,Footwear,11,59.99,659.89
2023-05-30,P003,Organic Green Tea (50 bags),Grocery,29,8.99,260.71
2023-05-30,P004,Yoga Mat Premium,Sports,9,24.99,224.91
2023-05-30,P005,USB-C Hub 7-in-1,Electronics,20,34.99,699.8
2023-05-30,P006,Protein Powder Vanilla 1kg,Health,16,39.99,639.84
2023-05-30,P007,Smart Water Bottle,Sports,9,19.99,179.91
2023-05-30,P008,Coffee Beans Premium 250g,Grocery,30,12.99,389.7
2023-05-30,P009,Resistance Band Set,Sports,13,14.99,194.87
2023-05-30,P010,Face Moisturiser SPF50,Beauty,12,18.99,227.88
2023-05-31,P001,Wireless Earbuds Pro,Electronics,17,29.99,509.83
2023-05-31,P002,Running Shoes X200,Footwear,11,59.99,659.89
2023-05-31,P003,Organic Green Tea (50 bags),Grocery,30,8.99,269.7
2023-05-31,P004,Yoga Mat Premium,Sports,11,24.99,274.89
2023-05-31,P005,USB-C Hub 7-in-1,Electronics,11,34.99,384.89
2023-05-31,P006,Protein Powder Vanilla 1kg,Health,18,39.99,719.82
2023-05-31,P007,Smart Water Bottle,Sports,9,19.99,179.91
2023-05-31,P008,Coffee Beans Premium 250g,Grocery,49,12.99,636.51
2023-05-31,P009,Resistance Band Set,Sports,10,14.99,149.9
2023-05-31,P010,Face Moisturiser SPF50,Beauty,21,18.99,398.79
2023-06-01,P001,Wireless Earbuds Pro,Electronics,8,29.99,239.92
2023-06-01,P002,Running Shoes X200,Footwear,10,59.99,599.9
2023-06-01,P003,Organic Green Tea (50 bags),Grocery,34,8.99,305.66
2023-06-01,P004,Yoga Mat Premium,Sports,4,24.99,99.96
2023-06-01,P005,USB-C Hub 7-in-1,Electronics,9,34.99,314.91
2023-06-01,P006,Protein Powder Vanilla 1kg,Health,26,39.99,1039.74
2023-06-01,P007,Smart Water Bottle,Sports,14,19.99,279.86
2023-06-01,P008,Coffee Beans Premium 250g,Grocery,30,12.99,389.7
2023-06-01,P009,Resistance Band Set,Sports,8,14.99,119.92
2023-06-01,P010,Face Moisturiser SPF50,Beauty,22,18.99,417.78
2023-06-02,P001,Wireless Earbuds Pro,Electronics,9,29.99,269.91
2023-06-02,P002,Running Shoes X200,Footwear,8,59.99,479.92
2023-06-02,P003,Organic Green Tea (50 bags),Grocery,23,8.99,206.77
2023-06-02,P004,Yoga Mat Premium,Sports,9,24.99,224.91
2023-06-02,P005,USB-C Hub 7-in-1,Electronics,11,34.99,384.89
2023-06-02,P006,Protein Powder Vanilla 1kg,Health,23,39.99,919.77
2023-06-02,P007,Smart Water Bottle,Sports,14,19.99,279.86
2023-06-02,P008,Coffee Beans Premium 250g,Grocery,46,12.99,597.54
2023-06-02,P009,Resistance Band Set,Sports,15,14.99,224.85
2023-06-02,P010,Face Moisturiser SPF50,Beauty,16,18.99,303.84
2023-06-03,P001,Wireless Earbuds Pro,Electronics,12,29.99,359.88
2023-06-03,P002,Running Shoes X200,Footwear,18,59.99,1079.82
2023-06-03,P003,Organic Green Tea (50 bags),Grocery,35,8.99,314.65
2023-06-03,P004,Yoga Mat Premium,Sports,9,24.99,224.91
2023-06-03,P005,USB-C Hub 7-in-1,Electronics,16,34.99,559.84
2023-06-03,P006,Protein Powder Vanilla 1kg,Health,28,39.99,1119.72
2023-06-03,P007,Smart Water Bottle,Sports,17,19.99,339.83
2023-06-03,P008,Coffee Beans Premium 250g,Grocery,56,12.99,727.44
2023-06-03,P009,Resistance Band Set,Sports,14,14.99,209.86
2023-06-03,P010,Face Moisturiser SPF50,Beauty,25,18.99,474.75
2023-06-05,P001,Wireless Earbuds Pro,Electronics,14,29.99,419.86
2023-06-05,P002,Running Shoes X200,Footwear,17,59.99,1019.83
2023-06-05,P003,Organic Green Tea (50 bags),Grocery,31,8.99,278.69
2023-06-05,P004,Yoga Mat Premium,Sports,8,24.99,199.92
2023-06-05,P005,USB-C Hub 7-in-1,Electronics,14,34.99,489.86
2023-06-05,P006,Protein Powder Vanilla 1kg,Health,23,39.99,919.77
2023-06-05,P007,Smart Water Bottle,Sports,7,19.99,139.93
2023-06-05,P008,Coffee Beans Premium 250g,Grocery,48,12.99,623.52
2023-06-05,P009,Resistance Band Set,Sports,13,14.99,194.87
2023-06-05,P010,Face Moisturiser SPF50,Beauty,20,18.99,379.8
2023-06-06,P001,Wireless Earbuds Pro,Electronics,16,29.99,479.84
2023-06-06,P002,Running Shoes X200,Footwear,11,59.99,659.89
2023-06-06,P003,Organic Green Tea (50 bags),Grocery,35,8.99,314.65
2023-06-06,P004,Yoga Mat Premium,Sports,5,24.99,124.95
2023-06-06,P005,USB-C Hub 7-in-1,Electronics,11,34.99,384.89
2023-06-06,P006,Protein Powder Vanilla 1kg,Health,23,39.99,919.77
2023-06-06,P007,Smart Water Bottle,Sports,12,19.99,239.88
2023-06-06,P008,Coffee Beans Premium 250g,Grocery,40,12.99,519.6
2023-06-06,P009,Resistance Band Set,Sports,12,14.99,179.88
2023-06-06,P010,Face Moisturiser SPF50,Beauty,22,18.99,417.78
2023-06-07,P001,Wireless Earbuds Pro,Electronics,23,29.99,689.77
2023-06-07,P002,Running Shoes X200,Footwear,13,59.99,779.87
2023-06-07,P003,Organic Green Tea (50 bags),Grocery,24,8.99,215.76
2023-06-07,P004,Yoga Mat Premium,Sports,4,24.99,99.96
2023-06-07,P005,USB-C Hub 7-in-1,Electronics,8,34.99,279.92
2023-06-07,P006,Protein Powder Vanilla 1kg,Health,21,39.99,839.79
2023-06-07,P007,Smart Water Bottle,Sports,11,19.99,219.89
2023-06-07,P008,Coffee Beans Premium 250g,Grocery,26,12.99,337.74
2023-06-07,P009,Resistance Band Set,Sports,14,14.99,209.86
2023-06-07,P010,Face Moisturiser SPF50,Beauty,17,18.99,322.83
2023-06-08,P001,Wireless Earbuds Pro,Electronics,17,29.99,509.83
2023-06-08,P002,Running Shoes X200,Footwear,14,59.99,839.86
2023-06-08,P003,Organic Green Tea (50 bags),Grocery,32,8.99,287.68
2023-06-08,P004,Yoga Mat Premium,Sports,5,24.99,124.95
2023-06-08,P005,USB-C Hub 7-in-1,Electronics,10,34.99,349.9
2023-06-08,P006,Protein Powder Vanilla 1kg,Health,13,39.99,519.87
2023-06-08,P007,Smart Water Bottle,Sports,6,19.99,119.94
2023-06-08,P008,Coffee Beans Premium 250g,Grocery,35,12.99,454.65
2023-06-08,P009,Resistance Band Set,Sports,10,14.99,149.9
2023-06-08,P010,Face Moisturiser SPF50,Beauty,14,18.99,265.86
2023-06-09,P001,Wireless Earbuds Pro,Electronics,20,29.99,599.8
2023-06-09,P002,Running Shoes X200,Footwear,13,59.99,779.87
2023-06-09,P003,Organic Green Tea (50 bags),Grocery,29,8.99,260.71
2023-06-09,P004,Yoga Mat Premium,Sports,11,24.99,274.89
2023-06-09,P005,USB-C Hub 7-in-1,Electronics,11,34.99,384.89
2023-06-09,P006,Protein Powder Vanilla 1kg,Health,16,39.99,639.84
2023-06-09,P007,Smart Water Bottle,Sports,11,19.99,219.89
2023-06-09,P008,Coffee Beans Premium 250g,Grocery,38,12.99,493.62
2023-06-09,P009,Resistance Band Set,Sports,12,14.99,179.88
2023-06-09,P010,Face Moisturiser SPF50,Beauty,29,18.99,550.71
2023-06-10,P001,Wireless Earbuds Pro,Electronics,16,29.99,479.84
2023-06-10,P002,Running Shoes X200,Footwear,12,59.99,719.88
2023-06-10,P003,Organic Green Tea (50 bags),Grocery,34,8.99,305.66
2023-06-10,P004,Yoga Mat Premium,Sports,7,24.99,174.93
2023-06-10,P005,USB-C Hub 7-in-1,Electronics,21,34.99,734.79
2023-06-10,P006,Protein Powder Vanilla 1kg,Health,31,39.99,1239.69
2023-06-10,P007,Smart Water Bottle,Sports,17,19.99,339.83
2023-06-10,P008,Coffee Beans Premium 250g,Grocery,60,12.99,779.4
2023-06-10,P009,Resistance Band Set,Sports,13,14.99,194.87
2023-06-10,P010,Face Moisturiser SPF50,Beauty,15,18.99,284.85
2023-06-12,P001,Wireless Earbuds Pro,Electronics,15,29.99,449.85
2023-06-12,P002,Running Shoes X200,Footwear,7,59.99,419.93
2023-06-12,P003,Organic Green Tea (50 bags),Grocery,36,8.99,323.64
2023-06-12,P004,Yoga Mat Premium,Sports,6,24.99,149.94
2023-06-12,P005,USB-C Hub 7-in-1,Electronics,14,34.99,489.86
2023-06-12,P006,Protein Powder Vanilla 1kg,Health,18,39.99,719.82
2023-06-12,P007,Smart Water Bottle,Sports,14,19.99,279.86
2023-06-12,P008,Coffee Beans Premium 250g,Grocery,37,12.99,480.63
2023-06-12,P009,Resistance Band Set,Sports,15,14.99,224.85
2023-06-12,P010,Face Moisturiser SPF50,Beauty,8,18.99,151.92
2023-06-13,P001,Wireless Earbuds Pro,Electronics,11,29.99,329.89
2023-06-13,P002,Running Shoes X200,Footwear,9,59.99,539.91
2023-06-13,P003,Organic Green Tea (50 bags),Grocery,19,8.99,170.81
2023-06-13,P004,Yoga Mat Premium,Sports,5,24.99,124.95
2023-06-13,P005,USB-C Hub 7-in-1,Electronics,13,34.99,454.87
2023-06-13,P006,Protein Powder Vanilla 1kg,Health,14,39.99,559.86
2023-06-13,P007,Smart Water Bottle,Sports,12,19.99,239.88
2023-06-13,P008,Coffee Beans Premium 250g,Grocery,43,12.99,558.57
2023-06-13,P009,Resistance Band Set,Sports,9,14.99,134.91
2023-06-13,P010,Face Moisturiser SPF50,Beauty,20,18.99,379.8
2023-06-14,P001,Wireless Earbuds Pro,Electronics,17,29.99,509.83
2023-06-14,P002,Running Shoes X200,Footwear,8,59.99,479.92
2023-06-14,P003,Organic Green Tea (50 bags),Grocery,43,8.99,386.57
2023-06-14,P004,Yoga Mat Premium,Sports,4,24.99,99.96
2023-06-14,P005,USB-C Hub 7-in-1,Electronics,11,34.99,384.89
2023-06-14,P006,Protein Powder Vanilla 1kg,Health,22,39.99,879.78
2023-06-14,P007,Smart Water Bottle,Sports,7,19.99,139.93
2023-06-14,P008,Coffee Beans Premium 250g,Grocery,35,12.99,454.65
2023-06-14,P009,Resistance Band Set,Sports,17,14.99,254.83
2023-06-14,P010,Face Moisturiser SPF50,Beauty,13,18.99,246.87
2023-06-15,P001,Wireless Earbuds Pro,Electronics,9,29.99,269.91
2023-06-15,P002,Running Shoes X200,Footwear,15,59.99,899.85
2023-06-15,P003,Organic Green Tea (50 bags),Grocery,32,8.99,287.68
2023-06-15,P004,Yoga Mat Premium,Sports,7,24.99,174.93
2023-06-15,P005,USB-C Hub 7-in-1,Electronics,11,34.99,384.89
2023-06-15,P006,Protein Powder Vanilla 1kg,Health,17,39.99,679.83
2023-06-15,P007,Smart Water Bottle,Sports,12,19.99,239.88
2023-06-15,P008,Coffee Beans Premium 250g,Grocery,44,12.99,571.56
2023-06-15,P009,Resistance Band Set,Sports,18,14.99,269.82
2023-06-15,P010,Face Moisturiser SPF50,Beauty,15,18.99,284.85
2023-06-16,P001,Wireless Earbuds Pro,Electronics,13,29.99,389.87
2023-06-16,P002,Running Shoes X200,Footwear,12,59.99,719.88
2023-06-16,P003,Organic Green Tea (50 bags),Grocery,32,8.99,287.68
2023-06-16,P004,Yoga Mat Premium,Sports,10,24.99,249.9
2023-06-16,P005,USB-C Hub 7-in-1,Electronics,15,34.99,524.85
2023-06-16,P006,Protein Powder Vanilla 1kg,Health,23,39.99,919.77
2023-06-16,P007,Smart Water Bottle,Sports,11,19.99,219.89
2023-06-16,P008,Coffee Beans Premium 250g,Grocery,35,12.99,454.65
2023-06-16,P009,Resistance Band Set,Sports,12,14.99,179.88
2023-06-16,P010,Face Moisturiser SPF50,Beauty,18,18.99,341.82
2023-06-17,P001,Wireless Earbuds Pro,Electronics,17,29.99,509.83
2023-06-17,P002,Running Shoes X200,Footwear,15,59.99,899.85
2023-06-17,P003,Organic Green Tea (50 bags),Grocery,36,8.99,323.64
2023-06-17,P004,Yoga Mat Premium,Sports,8,24.99,199.92
2023-06-17,P005,USB-C Hub 7-in-1,Electronics,15,34.99,524.85
2023-06-17,P006,Protein Powder Vanilla 1kg,Health,13,39.99,519.87
2023-06-17,P007,Smart Water Bottle,Sports,17,19.99,339.83
2023-06-17,P008,Coffee Beans Premium 250g,Grocery,48,12.99,623.52
2023-06-17,P009,Resistance Band Set,Sports,21,14.99,314.79
2023-06-17,P010,Face Moisturiser SPF50,Beauty,18,18.99,341.82
2023-06-19,P001,Wireless Earbuds Pro,Electronics,12,29.99,359.88
2023-06-19,P002,Running Shoes X200,Footwear,9,59.99,539.91
2023-06-19,P003,Organic Green Tea (50 bags),Grocery,31,8.99,278.69
2023-06-19,P004,Yoga Mat Premium,Sports,9,24.99,224.91
2023-06-19,P005,USB-C Hub 7-in-1,Electronics,12,34.99,419.88
2023-06-19,P006,Protein Powder Vanilla 1kg,Health,20,39.99,799.8
2023-06-19,P007,Smart Water Bottle,Sports,7,19.99,139.93
2023-06-19,P008,Coffee Beans Premium 250g,Grocery,44,12.99,571.56
2023-06-19,P009,Resistance Band Set,Sports,12,14.99,179.88
2023-06-19,P010,Face Moisturiser SPF50,Beauty,24,18.99,455.76
2023-06-20,P001,Wireless Earbuds Pro,Electronics,20,29.99,599.8
2023-06-20,P002,Running Shoes X200,Footwear,9,59.99,539.91
2023-06-20,P003,Organic Green Tea (50 bags),Grocery,29,8.99,260.71
2023-06-20,P004,Yoga Mat Premium,Sports,11,24.99,274.89
2023-06-20,P005,USB-C Hub 7-in-1,Electronics,17,34.99,594.83
2023-06-20,P006,Protein Powder Vanilla 1kg,Health,16,39.99,639.84
2023-06-20,P007,Smart Water Bottle,Sports,18,19.99,359.82
2023-06-20,P008,Coffee Beans Premium 250g,Grocery,34,12.99,441.66
2023-06-20,P009,Resistance Band Set,Sports,12,14.99,179.88
2023-06-20,P010,Face Moisturiser SPF50,Beauty,16,18.99,303.84
2023-06-21,P001,Wireless Earbuds Pro,Electronics,21,29.99,629.79
2023-06-21,P002,Running Shoes X200,Footwear,9,59.99,539.91
2023-06-21,P003,Organic Green Tea (50 bags),Grocery,32,8.99,287.68
2023-06-21,P004,Yoga Mat Premium,Sports,9,24.99,224.91
2023-06-21,P005,USB-C Hub 7-in-1,Electronics,12,34.99,419.88
2023-06-21,P006,Protein Powder Vanilla 1kg,Health,19,39.99,759.81
2023-06-21,P007,Smart Water Bottle,Sports,8,19.99,159.92
2023-06-21,P008,Coffee Beans Premium 250g,Grocery,35,12.99,454.65
2023-06-21,P009,Resistance Band Set,Sports,12,14.99,179.88
2023-06-21,P010,Face Moisturiser SPF50,Beauty,14,18.99,265.86
2023-06-22,P001,Wireless Earbuds Pro,Electronics,7,29.99,209.93
2023-06-22,P002,Running Shoes X200,Footwear,12,59.99,719.88
2023-06-22,P003,Organic Green Tea (50 bags),Grocery,32,8.99,287.68
2023-06-22,P004,Yoga Mat Premium,Sports,3,24.99,74.97
2023-06-22,P005,USB-C Hub 7-in-1,Electronics,20,34.99,699.8
2023-06-22,P006,Protein Powder Vanilla 1kg,Health,17,39.99,679.83
2023-06-22,P007,Smart Water Bottle,Sports,12,19.99,239.88
2023-06-22,P008,Coffee Beans Premium 250g,Grocery,35,12.99,454.65
2023-06-22,P009,Resistance Band Set,Sports,24,14.99,359.76
2023-06-22,P010,Face Moisturiser SPF50,Beauty,16,18.99,303.84
2023-06-23,P001,Wireless Earbuds Pro,Electronics,11,29.99,329.89
2023-06-23,P002,Running Shoes X200,Footwear,4,59.99,239.96
2023-06-23,P003,Organic Green Tea (50 bags),Grocery,36,8.99,323.64
2023-06-23,P004,Yoga Mat Premium,Sports,12,24.99,299.88
2023-06-23,P005,USB-C Hub 7-in-1,Electronics,9,34.99,314.91
2023-06-23,P006,Protein Powder Vanilla 1kg,Health,23,39.99,919.77
2023-06-23,P007,Smart Water Bottle,Sports,10,19.99,199.9
2023-06-23,P008,Coffee Beans Premium 250g,Grocery,38,12.99,493.62
2023-06-23,P009,Resistance Band Set,Sports,20,14.99,299.8
2023-06-23,P010,Face Moisturiser SPF50,Beauty,10,18.99,189.9
2023-06-24,P001,Wireless Earbuds Pro,Electronics,21,29.99,629.79
2023-06-24,P002,Running Shoes X200,Footwear,12,59.99,719.88
2023-06-24,P003,Organic Green Tea (50 bags),Grocery,33,8.99,296.67
2023-06-24,P004,Yoga Mat Premium,Sports,8,24.99,199.92
2023-06-24,P005,USB-C Hub 7-in-1,Electronics,16,34.99,559.84
2023-06-24,P006,Protein Powder Vanilla 1kg,Health,27,39.99,1079.73
2023-06-24,P007,Smart Water Bottle,Sports,23,19.99,459.77
2023-06-24,P008,Coffee Beans Premium 250g,Grocery,44,12.99,571.56
2023-06-24,P009,Resistance Band Set,Sports,18,14.99,269.82
2023-06-24,P010,Face Moisturiser SPF50,Beauty,20,18.99,379.8
2023-06-26,P001,Wireless Earbuds Pro,Electronics,15,29.99,449.85
2023-06-26,P002,Running Shoes X200,Footwear,5,59.99,299.95
2023-06-26,P003,Organic Green Tea (50 bags),Grocery,27,8.99,242.73
2023-06-26,P004,Yoga Mat Premium,Sports,8,24.99,199.92
2023-06-26,P005,USB-C Hub 7-in-1,Electronics,9,34.99,314.91
2023-06-26,P006,Protein Powder Vanilla 1kg,Health,18,39.99,719.82
2023-06-26,P007,Smart Water Bottle,Sports,10,19.99,199.9
2023-06-26,P008,Coffee Beans Premium 250g,Grocery,41,12.99,532.59
2023-06-26,P009,Resistance Band Set,Sports,8,14.99,119.92
2023-06-26,P010,Face Moisturiser SPF50,Beauty,24,18.99,455.76
2023-06-27,P001,Wireless Earbuds Pro,Electronics,15,29.99,449.85
2023-06-27,P002,Running Shoes X200,Footwear,11,59.99,659.89
2023-06-27,P003,Organic Green Tea (50 bags),Grocery,22,8.99,197.78
2023-06-27,P004,Yoga Mat Premium,Sports,6,24.99,149.94
2023-06-27,P005,USB-C Hub 7-in-1,Electronics,13,34.99,454.87
2023-06-27,P006,Protein Powder Vanilla 1kg,Health,14,39.99,559.86
2023-06-27,P007,Smart Water Bottle,Sports,13,19.99,259.87
2023-06-27,P008,Coffee Beans Premium 250g,Grocery,40,12.99,519.6
2023-06-27,P009,Resistance Band Set,Sports,9,14.99,134.91
2023-06-27,P010,Face Moisturiser SPF50,Beauty,17,18.99,322.83
2023-06-28,P001,Wireless Earbuds Pro,Electronics,13,29.99,389.87
2023-06-28,P002,Running Shoes X200,Footwear,13,59.99,779.87
2023-06-28,P003,Organic Green Tea (50 bags),Grocery,38,8.99,341.62
2023-06-28,P004,Yoga Mat Premium,Sports,5,24.99,124.95
2023-06-28,P005,USB-C Hub 7-in-1,Electronics,10,34.99,349.9
2023-06-28,P006,Protein Powder Vanilla 1kg,Health,18,39.99,719.82
2023-06-28,P007,Smart Water Bottle,Sports,14,19.99,279.86
2023-06-28,P008,Coffee Beans Premium 250g,Grocery,41,12.99,532.59
2023-06-28,P009,Resistance Band Set,Sports,8,14.99,119.92
2023-06-28,P010,Face Moisturiser SPF50,Beauty,21,18.99,398.79
2023-06-29,P001,Wireless Earbuds Pro,Electronics,7,29.99,209.93
2023-06-29,P002,Running Shoes X200,Footwear,10,59.99,599.9
2023-06-29,P003,Organic Green Tea (50 bags),Grocery,28,8.99,251.72
2023-06-29,P004,Yoga Mat Premium,Sports,9,24.99,224.91
2023-06-29,P005,USB-C Hub 7-in-1,Electronics,16,34.99,559.84
2023-06-29,P006,Protein Powder Vanilla 1kg,Health,19,39.99,759.81
2023-06-29,P007,Smart Water Bottle,Sports,10,19.99,199.9
2023-06-29,P008,Coffee Beans Premium 250g,Grocery,36,12.99,467.64
2023-06-29,P009,Resistance Band Set,Sports,20,14.99,299.8
2023-06-29,P010,Face Moisturiser SPF50,Beauty,11,18.99,208.89
2023-06-30,P001,Wireless Earbuds Pro,Electronics,19,29.99,569.81
2023-06-30,P002,Running Shoes X200,Footwear,7,59.99,419.93
2023-06-30,P003,Organic Green Tea (50 bags),Grocery,32,8.99,287.68
2023-06-30,P004,Yoga Mat Premium,Sports,8,24.99,199.92
2023-06-30,P005,USB-C Hub 7-in-1,Electronics,19,34.99,664.81
2023-06-30,P006,Protein Powder Vanilla 1kg,Health,12,39.99,479.88
2023-06-30,P007,Smart Water Bottle,Sports,15,19.99,299.85
2023-06-30,P008,Coffee Beans Premium 250g,Grocery,35,12.99,454.65
2023-06-30,P009,Resistance Band Set,Sports,14,14.99,209.86
2023-06-30,P010,Face Moisturiser SPF50,Beauty,10,18.99,189.9
2023-07-01,P001,Wireless Earbuds Pro,Electronics,18,29.99,539.82
2023-07-01,P002,Running Shoes X200,Footwear,10,59.99,599.9
2023-07-01,P003,Organic Green Tea (50 bags),Grocery,32,8.99,287.68
2023-07-01,P004,Yoga Mat Premium,Sports,11,24.99,274.89
2023-07-01,P005,USB-C Hub 7-in-1,Electronics,13,34.99,454.87
2023-07-01,P006,Protein Powder Vanilla 1kg,Health,13,39.99,519.87
2023-07-01,P007,Smart Water Bottle,Sports,14,19.99,279.86
2023-07-01,P008,Coffee Beans Premium 250g,Grocery,44,12.99,571.56
2023-07-01,P009,Resistance Band Set,Sports,18,14.99,269.82
2023-07-01,P010,Face Moisturiser SPF50,Beauty,19,18.99,360.81
2023-07-03,P001,Wireless Earbuds Pro,Electronics,12,29.99,359.88
2023-07-03,P002,Running Shoes X200,Footwear,6,59.99,359.94
2023-07-03,P003,Organic Green Tea (50 bags),Grocery,25,8.99,224.75
2023-07-03,P004,Yoga Mat Premium,Sports,7,24.99,174.93
2023-07-03,P005,USB-C Hub 7-in-1,Electronics,12,34.99,419.88
2023-07-03,P006,Protein Powder Vanilla 1kg,Health,23,39.99,919.77
2023-07-03,P007,Smart Water Bottle,Sports,11,19.99,219.89
2023-07-03,P008,Coffee Beans Premium 250g,Grocery,31,12.99,402.69
2023-07-03,P009,Resistance Band Set,Sports,10,14.99,149.9
2023-07-03,P010,Face Moisturiser SPF50,Beauty,19,18.99,360.81
2023-07-04,P001,Wireless Earbuds Pro,Electronics,22,29.99,659.78
2023-07-04,P002,Running Shoes X200,Footwear,10,59.99,599.9
2023-07-04,P003,Organic Green Tea (50 bags),Grocery,25,8.99,224.75
2023-07-04,P004,Yoga Mat Premium,Sports,7,24.99,174.93
2023-07-04,P005,USB-C Hub 7-in-1,Electronics,10,34.99,349.9
2023-07-04,P006,Protein Powder Vanilla 1kg,Health,20,39.99,799.8
2023-07-04,P007,Smart Water Bottle,Sports,5,19.99,99.95
2023-07-04,P008,Coffee Beans Premium 250g,Grocery,33,12.99,428.67
2023-07-04,P009,Resistance Band Set,Sports,9,14.99,134.91
2023-07-04,P010,Face Moisturiser SPF50,Beauty,27,18.99,512.73
2023-07-05,P001,Wireless Earbuds Pro,Electronics,8,29.99,239.92
2023-07-05,P002,Running Shoes X200,Footwear,9,59.99,539.91
2023-07-05,P003,Organic Green Tea (50 bags),Grocery,30,8.99,269.7
2023-07-05,P004,Yoga Mat Premium,Sports,9,24.99,224.91
2023-07-05,P005,USB-C Hub 7-in-1,Electronics,11,34.99,384.89
2023-07-05,P006,Protein Powder Vanilla 1kg,Health,14,39.99,559.86
2023-07-05,P007,Smart Water Bottle,Sports,12,19.99,239.88
2023-07-05,P008,Coffee Beans Premium 250g,Grocery,23,12.99,298.77
2023-07-05,P009,Resistance Band Set,Sports,13,14.99,194.87
2023-07-05,P010,Face Moisturiser SPF50,Beauty,13,18.99,246.87
2023-07-06,P001,Wireless Earbuds Pro,Electronics,10,29.99,299.9
2023-07-06,P002,Running Shoes X200,Footwear,8,59.99,479.92
2023-07-06,P003,Organic Green Tea (50 bags),Grocery,28,8.99,251.72
2023-07-06,P004,Yoga Mat Premium,Sports,6,24.99,149.94
2023-07-06,P005,USB-C Hub 7-in-1,Electronics,12,34.99,419.88
2023-07-06,P006,Protein Powder Vanilla 1kg,Health,22,39.99,879.78
2023-07-06,P007,Smart Water Bottle,Sports,9,19.99,179.91
2023-07-06,P008,Coffee Beans Premium 250g,Grocery,44,12.99,571.56
2023-07-06,P009,Resistance Band Set,Sports,16,14.99,239.84
2023-07-06,P010,Face Moisturiser SPF50,Beauty,16,18.99,303.84
2023-07-07,P001,Wireless Earbuds Pro,Electronics,13,29.99,389.87
2023-07-07,P002,Running Shoes X200,Footwear,13,59.99,779.87
2023-07-07,P003,Organic Green Tea (50 bags),Grocery,32,8.99,287.68
2023-07-07,P004,Yoga Mat Premium,Sports,7,24.99,174.93
2023-07-07,P005,USB-C Hub 7-in-1,Electronics,10,34.99,349.9
2023-07-07,P006,Protein Powder Vanilla 1kg,Health,18,39.99,719.82
2023-07-07,P007,Smart Water Bottle,Sports,8,19.99,159.92
2023-07-07,P008,Coffee Beans Premium 250g,Grocery,37,12.99,480.63
2023-07-07,P009,Resistance Band Set,Sports,19,14.99,284.81
2023-07-07,P010,Face Moisturiser SPF50,Beauty,18,18.99,341.82
2023-07-08,P001,Wireless Earbuds Pro,Electronics,22,29.99,659.78
2023-07-08,P002,Running Shoes X200,Footwear,11,59.99,659.89
2023-07-08,P003,Organic Green Tea (50 bags),Grocery,33,8.99,296.67
2023-07-08,P004,Yoga Mat Premium,Sports,9,24.99,224.91
2023-07-08,P005,USB-C Hub 7-in-1,Electronics,19,34.99,664.81
2023-07-08,P006,Protein Powder Vanilla 1kg,Health,23,39.99,919.77
2023-07-08,P007,Smart Water Bottle,Sports,9,19.99,179.91
2023-07-08,P008,Coffee Beans Premium 250g,Grocery,42,12.99,545.58
2023-07-08,P009,Resistance Band Set,Sports,18,14.99,269.82
2023-07-08,P010,Face Moisturiser SPF50,Beauty,27,18.99,512.73
2023-07-10,P001,Wireless Earbuds Pro,Electronics,14,29.99,419.86
2023-07-10,P002,Running Shoes X200,Footwear,9,59.99,539.91
2023-07-10,P003,Organic Green Tea (50 bags),Grocery,30,8.99,269.7
2023-07-10,P004,Yoga Mat Premium,Sports,11,24.99,274.89
2023-07-10,P005,USB-C Hub 7-in-1,Electronics,15,34.99,524.85
2023-07-10,P006,Protein Powder Vanilla 1kg,Health,19,39.99,759.81
2023-07-10,P007,Smart Water Bottle,Sports,11,19.99,219.89
2023-07-10,P008,Coffee Beans Premium 250g,Grocery,29,12.99,376.71
2023-07-10,P009,Resistance Band Set,Sports,12,14.99,179.88
2023-07-10,P010,Face Moisturiser SPF50,Beauty,9,18.99,170.91
2023-07-11,P001,Wireless Earbuds Pro,Electronics,10,29.99,299.9
2023-07-11,P002,Running Shoes X200,Footwear,10,59.99,599.9
2023-07-11,P003,Organic Green Tea (50 bags),Grocery,27,8.99,242.73
2023-07-11,P004,Yoga Mat Premium,Sports,7,24.99,174.93
2023-07-11,P005,USB-C Hub 7-in-1,Electronics,20,34.99,699.8
2023-07-11,P006,Protein Powder Vanilla 1kg,Health,15,39.99,599.85
2023-07-11,P007,Smart Water Bottle,Sports,15,19.99,299.85
2023-07-11,P008,Coffee Beans Premium 250g,Grocery,34,12.99,441.66
2023-07-11,P009,Resistance Band Set,Sports,13,14.99,194.87
2023-07-11,P010,Face Moisturiser SPF50,Beauty,21,18.99,398.79
2023-07-12,P001,Wireless Earbuds Pro,Electronics,16,29.99,479.84
2023-07-12,P002,Running Shoes X200,Footwear,8,59.99,479.92
2023-07-12,P003,Organic Green Tea (50 bags),Grocery,41,8.99,368.59
2023-07-12,P004,Yoga Mat Premium,Sports,9,24.99,224.91
2023-07-12,P005,USB-C Hub 7-in-1,Electronics,14,34.99,489.86
2023-07-12,P006,Protein Powder Vanilla 1kg,Health,14,39.99,559.86
2023-07-12,P007,Smart Water Bottle,Sports,12,19.99,239.88
2023-07-12,P008,Coffee Beans Premium 250g,Grocery,44,12.99,571.56
2023-07-12,P009,Resistance Band Set,Sports,17,14.99,254.83
2023-07-12,P010,Face Moisturiser SPF50,Beauty,16,18.99,303.84
2023-07-13,P001,Wireless Earbuds Pro,Electronics,15,29.99,449.85
2023-07-13,P002,Running Shoes X200,Footwear,10,59.99,599.9
2023-07-13,P003,Organic Green Tea (50 bags),Grocery,28,8.99,251.72
2023-07-13,P004,Yoga Mat Premium,Sports,7,24.99,174.93
2023-07-13,P005,USB-C Hub 7-in-1,Electronics,13,34.99,454.87
2023-07-13,P006,Protein Powder Vanilla 1kg,Health,18,39.99,719.82
2023-07-13,P007,Smart Water Bottle,Sports,11,19.99,219.89
2023-07-13,P008,Coffee Beans Premium 250g,Grocery,36,12.99,467.64
2023-07-13,P009,Resistance Band Set,Sports,17,14.99,254.83
2023-07-13,P010,Face Moisturiser SPF50,Beauty,11,18.99,208.89
2023-07-14,P001,Wireless Earbuds Pro,Electronics,13,29.99,389.87
2023-07-14,P002,Running Shoes X200,Footwear,9,59.99,539.91
2023-07-14,P003,Organic Green Tea (50 bags),Grocery,26,8.99,233.74
2023-07-14,P004,Yoga Mat Premium,Sports,9,24.99,224.91
2023-07-14,P005,USB-C Hub 7-in-1,Electronics,16,34.99,559.84
2023-07-14,P006,Protein Powder Vanilla 1kg,Health,27,39.99,1079.73
2023-07-14,P007,Smart Water Bottle,Sports,9,19.99,179.91
2023-07-14,P008,Coffee Beans Premium 250g,Grocery,37,12.99,480.63
2023-07-14,P009,Resistance Band Set,Sports,15,14.99,224.85
2023-07-14,P010,Face Moisturiser SPF50,Beauty,11,18.99,208.89
2023-07-15,P001,Wireless Earbuds Pro,Electronics,15,29.99,449.85
2023-07-15,P002,Running Shoes X200,Footwear,10,59.99,599.9
2023-07-15,P003,Organic Green Tea (50 bags),Grocery,35,8.99,314.65
2023-07-15,P004,Yoga Mat Premium,Sports,5,24.99,124.95
2023-07-15,P005,USB-C Hub 7-in-1,Electronics,17,34.99,594.83
2023-07-15,P006,Protein Powder Vanilla 1kg,Health,28,39.99,1119.72
2023-07-15,P007,Smart Water Bottle,Sports,10,19.99,199.9
2023-07-15,P008,Coffee Beans Premium 250g,Grocery,46,12.99,597.54
2023-07-15,P009,Resistance Band Set,Sports,15,14.99,224.85
2023-07-15,P010,Face Moisturiser SPF50,Beauty,23,18.99,436.77
2023-07-17,P001,Wireless Earbuds Pro,Electronics,13,29.99,389.87
2023-07-17,P002,Running Shoes X200,Footwear,6,59.99,359.94
2023-07-17,P003,Organic Green Tea (50 bags),Grocery,31,8.99,278.69
2023-07-17,P004,Yoga Mat Premium,Sports,7,24.99,174.93
2023-07-17,P005,USB-C Hub 7-in-1,Electronics,12,34.99,419.88
2023-07-17,P006,Protein Powder Vanilla 1kg,Health,17,39.99,679.83
2023-07-17,P007,Smart Water Bottle,Sports,12,19.99,239.88
2023-07-17,P008,Coffee Beans Premium 250g,Grocery,34,12.99,441.66
2023-07-17,P009,Resistance Band Set,Sports,18,14.99,269.82
2023-07-17,P010,Face Moisturiser SPF50,Beauty,14,18.99,265.86
2023-07-18,P001,Wireless Earbuds Pro,Electronics,14,29.99,419.86
2023-07-18,P002,Running Shoes X200,Footwear,7,59.99,419.93
2023-07-18,P003,Organic Green Tea (50 bags),Grocery,30,8.99,269.7
2023-07-18,P004,Yoga Mat Premium,Sports,5,24.99,124.95
2023-07-18,P005,USB-C Hub 7-in-1,Electronics,12,34.99,419.88
2023-07-18,P006,Protein Powder Vanilla 1kg,Health,18,39.99,719.82
2023-07-18,P007,Smart Water Bottle,Sports,8,19.99,159.92
2023-07-18,P008,Coffee Beans Premium 250g,Grocery,31,12.99,402.69
2023-07-18,P009,Resistance Band Set,Sports,12,14.99,179.88
2023-07-18,P010,Face Moisturiser SPF50,Beauty,16,18.99,303.84
2023-07-19,P001,Wireless Earbuds Pro,Electronics,11,29.99,329.89
2023-07-19,P002,Running Shoes X200,Footwear,11,59.99,659.89
2023-07-19,P003,Organic Green Tea (50 bags),Grocery,36,8.99,323.64
2023-07-19,P004,Yoga Mat Premium,Sports,10,24.99,249.9
2023-07-19,P005,USB-C Hub 7-in-1,Electronics,6,34.99,209.94
2023-07-19,P006,Protein Powder Vanilla 1kg,Health,12,39.99,479.88
2023-07-19,P007,Smart Water Bottle,Sports,11,19.99,219.89
2023-07-19,P008,Coffee Beans Premium 250g,Grocery,36,12.99,467.64
2023-07-19,P009,Resistance Band Set,Sports,12,14.99,179.88
2023-07-19,P010,Face Moisturiser SPF50,Beauty,19,18.99,360.81
2023-07-20,P001,Wireless Earbuds Pro,Electronics,11,29.99,329.89
2023-07-20,P002,Running Shoes X200,Footwear,6,59.99,359.94
2023-07-20,P003,Organic Green Tea (50 bags),Grocery,37,8.99,332.63
2023-07-20,P004,Yoga Mat Premium,Sports,6,24.99,149.94
2023-07-20,P005,USB-C Hub 7-in-1,Electronics,8,34.99,279.92
2023-07-20,P006,Protein Powder Vanilla 1kg,Health,16,39.99,639.84
2023-07-20,P007,Smart Water Bottle,Sports,8,19.99,159.92
2023-07-20,P008,Coffee Beans Premium 250g,Grocery,35,12.99,454.65
2023-07-20,P009,Resistance Band Set,Sports,11,14.99,164.89
2023-07-20,P010,Face Moisturiser SPF50,Beauty,10,18.99,189.9
2023-07-21,P001,Wireless Earbuds Pro,Electronics,10,29.99,299.9
2023-07-21,P002,Running Shoes X200,Footwear,9,59.99,539.91
2023-07-21,P003,Organic Green Tea (50 bags),Grocery,24,8.99,215.76
2023-07-21,P004,Yoga Mat Premium,Sports,4,24.99,99.96
2023-07-21,P005,USB-C Hub 7-in-1,Electronics,7,34.99,244.93
2023-07-21,P006,Protein Powder Vanilla 1kg,Health,10,39.99,399.9
2023-07-21,P007,Smart Water Bottle,Sports,12,19.99,239.88
2023-07-21,P008,Coffee Beans Premium 250g,Grocery,39,12.99,506.61
2023-07-21,P009,Resistance Band Set,Sports,10,14.99,149.9
2023-07-21,P010,Face Moisturiser SPF50,Beauty,10,18.99,189.9
2023-07-22,P001,Wireless Earbuds Pro,Electronics,17,29.99,509.83
2023-07-22,P002,Running Shoes X200,Footwear,13,59.99,779.87
2023-07-22,P003,Organic Green Tea (50 bags),Grocery,36,8.99,323.64
2023-07-22,P004,Yoga Mat Premium,Sports,12,24.99,299.88
2023-07-22,P005,USB-C Hub 7-in-1,Electronics,20,34.99,699.8
2023-07-22,P006,Protein Powder Vanilla 1kg,Health,21,39.99,839.79
2023-07-22,P007,Smart Water Bottle,Sports,15,19.99,299.85
2023-07-22,P008,Coffee Beans Premium 250g,Grocery,54,12.99,701.46
2023-07-22,P009,Resistance Band Set,Sports,15,14.99,224.85
2023-07-22,P010,Face Moisturiser SPF50,Beauty,20,18.99,379.8
2023-07-24,P001,Wireless Earbuds Pro,Electronics,13,29.99,389.87
2023-07-24,P002,Running Shoes X200,Footwear,10,59.99,599.9
2023-07-24,P003,Organic Green Tea (50 bags),Grocery,35,8.99,314.65
2023-07-24,P004,Yoga Mat Premium,Sports,8,24.99,199.92
2023-07-24,P005,USB-C Hub 7-in-1,Electronics,9,34.99,314.91
2023-07-24,P006,Protein Powder Vanilla 1kg,Health,21,39.99,839.79
2023-07-24,P007,Smart Water Bottle,Sports,9,19.99,179.91
2023-07-24,P008,Coffee Beans Premium 250g,Grocery,35,12.99,454.65
2023-07-24,P009,Resistance Band Set,Sports,11,14.99,164.89
2023-07-24,P010,Face Moisturiser SPF50,Beauty,17,18.99,322.83
2023-07-25,P001,Wireless Earbuds Pro,Electronics,15,29.99,449.85
2023-07-25,P002,Running Shoes X200,Footwear,8,59.99,479.92
2023-07-25,P003,Organic Green Tea (50 bags),Grocery,27,8.99,242.73
2023-07-25,P004,Yoga Mat Premium,Sports,4,24.99,99.96
2023-07-25,P005,USB-C Hub 7-in-1,Electronics,15,34.99,524.85
2023-07-25,P006,Protein Powder Vanilla 1kg,Health,26,39.99,1039.74
2023-07-25,P007,Smart Water Bottle,Sports,12,19.99,239.88
2023-07-25,P008,Coffee Beans Premium 250g,Grocery,37,12.99,480.63
2023-07-25,P009,Resistance Band Set,Sports,9,14.99,134.91
2023-07-25,P010,Face Moisturiser SPF50,Beauty,16,18.99,303.84
2023-07-26,P001,Wireless Earbuds Pro,Electronics,16,29.99,479.84
2023-07-26,P002,Running Shoes X200,Footwear,7,59.99,419.93
2023-07-26,P003,Organic Green Tea (50 bags),Grocery,26,8.99,233.74
2023-07-26,P004,Yoga Mat Premium,Sports,2,24.99,49.98
2023-07-26,P005,USB-C Hub 7-in-1,Electronics,8,34.99,279.92
2023-07-26,P006,Protein Powder Vanilla 1kg,Health,20,39.99,799.8
2023-07-26,P007,Smart Water Bottle,Sports,9,19.99,179.91
2023-07-26,P008,Coffee Beans Premium 250g,Grocery,26,12.99,337.74
2023-07-26,P009,Resistance Band Set,Sports,14,14.99,209.86
2023-07-26,P010,Face Moisturiser SPF50,Beauty,19,18.99,360.81
2023-07-27,P001,Wireless Earbuds Pro,Electronics,7,29.99,209.93
2023-07-27,P002,Running Shoes X200,Footwear,8,59.99,479.92
2023-07-27,P003,Organic Green Tea (50 bags),Grocery,31,8.99,278.69
2023-07-27,P004,Yoga Mat Premium,Sports,7,24.99,174.93
2023-07-27,P005,USB-C Hub 7-in-1,Electronics,9,34.99,314.91
2023-07-27,P006,Protein Powder Vanilla 1kg,Health,23,39.99,919.77
2023-07-27,P007,Smart Water Bottle,Sports,8,19.99,159.92
2023-07-27,P008,Coffee Beans Premium 250g,Grocery,31,12.99,402.69
2023-07-27,P009,Resistance Band Set,Sports,23,14.99,344.77
2023-07-27,P010,Face Moisturiser SPF50,Beauty,21,18.99,398.79
2023-07-28,P001,Wireless Earbuds Pro,Electronics,9,29.99,269.91
2023-07-28,P002,Running Shoes X200,Footwear,12,59.99,719.88
2023-07-28,P003,Organic Green Tea (50 bags),Grocery,30,8.99,269.7
2023-07-28,P004,Yoga Mat Premium,Sports,4,24.99,99.96
2023-07-28,P005,USB-C Hub 7-in-1,Electronics,11,34.99,384.89
2023-07-28,P006,Protein Powder Vanilla 1kg,Health,15,39.99,599.85
2023-07-28,P007,Smart Water Bottle,Sports,4,19.99,79.96
2023-07-28,P008,Coffee Beans Premium 250g,Grocery,39,12.99,506.61
2023-07-28,P009,Resistance Band Set,Sports,15,14.99,224.85
2023-07-28,P010,Face Moisturiser SPF50,Beauty,16,18.99,303.84
2023-07-29,P001,Wireless Earbuds Pro,Electronics,21,29.99,629.79
2023-07-29,P002,Running Shoes X200,Footwear,10,59.99,599.9
2023-07-29,P003,Organic Green Tea (50 bags),Grocery,39,8.99,350.61
2023-07-29,P004,Yoga Mat Premium,Sports,11,24.99,274.89
2023-07-29,P005,USB-C Hub 7-in-1,Electronics,22,34.99,769.78
2023-07-29,P006,Protein Powder Vanilla 1kg,Health,24,39.99,959.76
2023-07-29,P007,Smart Water Bottle,Sports,16,19.99,319.84
2023-07-29,P008,Coffee Beans Premium 250g,Grocery,40,12.99,519.6
2023-07-29,P009,Resistance Band Set,Sports,13,14.99,194.87
2023-07-29,P010,Face Moisturiser SPF50,Beauty,29,18.99,550.71
2023-07-31,P001,Wireless Earbuds Pro,Electronics,12,29.99,359.88
2023-07-31,P002,Running Shoes X200,Footwear,7,59.99,419.93
2023-07-31,P003,Organic Green Tea (50 bags),Grocery,29,8.99,260.71
2023-07-31,P004,Yoga Mat Premium,Sports,5,24.99,124.95
2023-07-31,P005,USB-C Hub 7-in-1,Electronics,16,34.99,559.84
2023-07-31,P006,Protein Powder Vanilla 1kg,Health,10,39.99,399.9
2023-07-31,P007,Smart Water Bottle,Sports,16,19.99,319.84
2023-07-31,P008,Coffee Beans Premium 250g,Grocery,34,12.99,441.66
2023-07-31,P009,Resistance Band Set,Sports,7,14.99,104.93
2023-07-31,P010,Face Moisturiser SPF50,Beauty,22,18.99,417.78
2023-08-01,P001,Wireless Earbuds Pro,Electronics,15,29.99,449.85
2023-08-01,P002,Running Shoes X200,Footwear,10,59.99,599.9
2023-08-01,P003,Organic Green Tea (50 bags),Grocery,31,8.99,278.69
2023-08-01,P004,Yoga Mat Premium,Sports,8,24.99,199.92
2023-08-01,P005,USB-C Hub 7-in-1,Electronics,10,34.99,349.9
2023-08-01,P006,Protein Powder Vanilla 1kg,Health,19,39.99,759.81
2023-08-01,P007,Smart Water Bottle,Sports,8,19.99,159.92
2023-08-01,P008,Coffee Beans Premium 250g,Grocery,25,12.99,324.75
2023-08-01,P009,Resistance Band Set,Sports,12,14.99,179.88
2023-08-01,P010,Face Moisturiser SPF50,Beauty,12,18.99,227.88
2023-08-02,P001,Wireless Earbuds Pro,Electronics,11,29.99,329.89
2023-08-02,P002,Running Shoes X200,Footwear,7,59.99,419.93
2023-08-02,P003,Organic Green Tea (50 bags),Grocery,39,8.99,350.61
2023-08-02,P004,Yoga Mat Premium,Sports,5,24.99,124.95
2023-08-02,P005,USB-C Hub 7-in-1,Electronics,10,34.99,349.9
2023-08-02,P006,Protein Powder Vanilla 1kg,Health,20,39.99,799.8
2023-08-02,P007,Smart Water Bottle,Sports,16,19.99,319.84
2023-08-02,P008,Coffee Beans Premium 250g,Grocery,29,12.99,376.71
2023-08-02,P009,Resistance Band Set,Sports,3,14.99,44.97
2023-08-02,P010,Face Moisturiser SPF50,Beauty,10,18.99,189.9
2023-08-03,P001,Wireless Earbuds Pro,Electronics,10,29.99,299.9
2023-08-03,P002,Running Shoes X200,Footwear,4,59.99,239.96
2023-08-03,P003,Organic Green Tea (50 bags),Grocery,28,8.99,251.72
2023-08-03,P004,Yoga Mat Premium,Sports,12,24.99,299.88
2023-08-03,P005,USB-C Hub 7-in-1,Electronics,8,34.99,279.92
2023-08-03,P006,Protein Powder Vanilla 1kg,Health,13,39.99,519.87
2023-08-03,P007,Smart Water Bottle,Sports,6,19.99,119.94
2023-08-03,P008,Coffee Beans Premium 250g,Grocery,35,12.99,454.65
2023-08-03,P009,Resistance Band Set,Sports,11,14.99,164.89
2023-08-03,P010,Face Moisturiser SPF50,Beauty,16,18.99,303.84
2023-08-04,P001,Wireless Earbuds Pro,Electronics,6,29.99,179.94
2023-08-04,P002,Running Shoes X200,Footwear,6,59.99,359.94
2023-08-04,P003,Organic Green Tea (50 bags),Grocery,31,8.99,278.69
2023-08-04,P004,Yoga Mat Premium,Sports,5,24.99,124.95
2023-08-04,P005,USB-C Hub 7-in-1,Electronics,8,34.99,279.92
2023-08-04,P006,Protein Powder Vanilla 1kg,Health,13,39.99,519.87
2023-08-04,P007,Smart Water Bottle,Sports,6,19.99,119.94
2023-08-04,P008,Coffee Beans Premium 250g,Grocery,40,12.99,519.6
2023-08-04,P009,Resistance Band Set,Sports,13,14.99,194.87
2023-08-04,P010,Face Moisturiser SPF50,Beauty,17,18.99,322.83
2023-08-05,P001,Wireless Earbuds Pro,Electronics,19,29.99,569.81
2023-08-05,P002,Running Shoes X200,Footwear,12,59.99,719.88
2023-08-05,P003,Organic Green Tea (50 bags),Grocery,27,8.99,242.73
2023-08-05,P004,Yoga Mat Premium,Sports,8,24.99,199.92
2023-08-05,P005,USB-C Hub 7-in-1,Electronics,14,34.99,489.86
2023-08-05,P006,Protein Powder Vanilla 1kg,Health,28,39.99,1119.72
2023-08-05,P007,Smart Water Bottle,Sports,10,19.99,199.9
2023-08-05,P008,Coffee Beans Premium 250g,Grocery,50,12.99,649.5
2023-08-05,P009,Resistance Band Set,Sports,20,14.99,299.8
2023-08-05,P010,Face Moisturiser SPF50,Beauty,20,18.99,379.8
2023-08-07,P001,Wireless Earbuds Pro,Electronics,12,29.99,359.88
2023-08-07,P002,Running Shoes X200,Footwear,1,59.99,59.99
2023-08-07,P003,Organic Green Tea (50 bags),Grocery,23,8.99,206.77
2023-08-07,P004,Yoga Mat Premium,Sports,5,24.99,124.95
2023-08-07,P005,USB-C Hub 7-in-1,Electronics,14,34.99,489.86
2023-08-07,P006,Protein Powder Vanilla 1kg,Health,14,39.99,559.86
2023-08-07,P007,Smart Water Bottle,Sports,10,19.99,199.9
2023-08-07,P008,Coffee Beans Premium 250g,Grocery,35,12.99,454.65
2023-08-07,P009,Resistance Band Set,Sports,19,14.99,284.81
2023-08-07,P010,Face Moisturiser SPF50,Beauty,24,18.99,455.76
2023-08-08,P001,Wireless Earbuds Pro,Electronics,14,29.99,419.86
2023-08-08,P002,Running Shoes X200,Footwear,8,59.99,479.92
2023-08-08,P003,Organic Green Tea (50 bags),Grocery,27,8.99,242.73
2023-08-08,P004,Yoga Mat Premium,Sports,2,24.99,49.98
2023-08-08,P005,USB-C Hub 7-in-1,Electronics,10,34.99,349.9
2023-08-08,P006,Protein Powder Vanilla 1kg,Health,12,39.99,479.88
2023-08-08,P007,Smart Water Bottle,Sports,12,19.99,239.88
2023-08-08,P008,Coffee Beans Premium 250g,Grocery,32,12.99,415.68
2023-08-08,P009,Resistance Band Set,Sports,16,14.99,239.84
2023-08-08,P010,Face Moisturiser SPF50,Beauty,12,18.99,227.88
2023-08-09,P001,Wireless Earbuds Pro,Electronics,11,29.99,329.89
2023-08-09,P002,Running Shoes X200,Footwear,7,59.99,419.93
2023-08-09,P003,Organic Green Tea (50 bags),Grocery,36,8.99,323.64
2023-08-09,P004,Yoga Mat Premium,Sports,6,24.99,149.94
2023-08-09,P005,USB-C Hub 7-in-1,Electronics,12,34.99,419.88
2023-08-09,P006,Protein Powder Vanilla 1kg,Health,19,39.99,759.81
2023-08-09,P007,Smart Water Bottle,Sports,14,19.99,279.86
2023-08-09,P008,Coffee Beans Premium 250g,Grocery,35,12.99,454.65
2023-08-09,P009,Resistance Band Set,Sports,7,14.99,104.93
2023-08-09,P010,Face Moisturiser SPF50,Beauty,9,18.99,170.91
2023-08-10,P001,Wireless Earbuds Pro,Electronics,17,29.99,509.83
2023-08-10,P002,Running Shoes X200,Footwear,8,59.99,479.92
2023-08-10,P003,Organic Green Tea (50 bags),Grocery,34,8.99,305.66
2023-08-10,P004,Yoga Mat Premium,Sports,7,24.99,174.93
2023-08-10,P005,USB-C Hub 7-in-1,Electronics,11,34.99,384.89
2023-08-10,P006,Protein Powder Vanilla 1kg,Health,18,39.99,719.82
2023-08-10,P007,Smart Water Bottle,Sports,8,19.99,159.92
2023-08-10,P008,Coffee Beans Premium 250g,Grocery,31,12.99,402.69
2023-08-10,P009,Resistance Band Set,Sports,9,14.99,134.91
2023-08-10,P010,Face Moisturiser SPF50,Beauty,16,18.99,303.84
2023-08-11,P001,Wireless Earbuds Pro,Electronics,13,29.99,389.87
2023-08-11,P002,Running Shoes X200,Footwear,7,59.99,419.93
2023-08-11,P003,Organic Green Tea (50 bags),Grocery,34,8.99,305.66
2023-08-11,P004,Yoga Mat Premium,Sports,7,24.99,174.93
2023-08-11,P005,USB-C Hub 7-in-1,Electronics,12,34.99,419.88
2023-08-11,P006,Protein Powder Vanilla 1kg,Health,17,39.99,679.83
2023-08-11,P007,Smart Water Bottle,Sports,12,19.99,239.88
2023-08-11,P008,Coffee Beans Premium 250g,Grocery,29,12.99,376.71
2023-08-11,P009,Resistance Band Set,Sports,7,14.99,104.93
2023-08-11,P010,Face Moisturiser SPF50,Beauty,12,18.99,227.88
2023-08-12,P001,Wireless Earbuds Pro,Electronics,22,29.99,659.78
2023-08-12,P002,Running Shoes X200,Footwear,14,59.99,839.86
2023-08-12,P003,Organic Green Tea (50 bags),Grocery,38,8.99,341.62
2023-08-12,P004,Yoga Mat Premium,Sports,9,24.99,224.91
2023-08-12,P005,USB-C Hub 7-in-1,Electronics,12,34.99,419.88
2023-08-12,P006,Protein Powder Vanilla 1kg,Health,18,39.99,719.82
2023-08-12,P007,Smart Water Bottle,Sports,13,19.99,259.87
2023-08-12,P008,Coffee Beans Premium 250g,Grocery,48,12.99,623.52
2023-08-12,P009,Resistance Band Set,Sports,18,14.99,269.82
2023-08-12,P010,Face Moisturiser SPF50,Beauty,18,18.99,341.82
2023-08-14,P001,Wireless Earbuds Pro,Electronics,22,29.99,659.78
2023-08-14,P002,Running Shoes X200,Footwear,7,59.99,419.93
2023-08-14,P003,Organic Green Tea (50 bags),Grocery,26,8.99,233.74
2023-08-14,P004,Yoga Mat Premium,Sports,4,24.99,99.96
2023-08-14,P005,USB-C Hub 7-in-1,Electronics,5,34.99,174.95
2023-08-14,P006,Protein Powder Vanilla 1kg,Health,11,39.99,439.89
2023-08-14,P007,Smart Water Bottle,Sports,10,19.99,199.9
2023-08-14,P008,Coffee Beans Premium 250g,Grocery,30,12.99,389.7
2023-08-14,P009,Resistance Band Set,Sports,14,14.99,209.86
2023-08-14,P010,Face Moisturiser SPF50,Beauty,16,18.99,303.84
2023-08-15,P001,Wireless Earbuds Pro,Electronics,9,29.99,269.91
2023-08-15,P002,Running Shoes X200,Footwear,6,59.99,359.94
2023-08-15,P003,Organic Green Tea (50 bags),Grocery,21,8.99,188.79
2023-08-15,P004,Yoga Mat Premium,Sports,4,24.99,99.96
2023-08-15,P005,USB-C Hub 7-in-1,Electronics,11,34.99,384.89
2023-08-15,P006,Protein Powder Vanilla 1kg,Health,13,39.99,519.87
2023-08-15,P007,Smart Water Bottle,Sports,9,19.99,179.91
2023-08-15,P008,Coffee Beans Premium 250g,Grocery,26,12.99,337.74
2023-08-15,P009,Resistance Band Set,Sports,15,14.99,224.85
2023-08-15,P010,Face Moisturiser SPF50,Beauty,9,18.99,170.91
2023-08-16,P001,Wireless Earbuds Pro,Electronics,14,29.99,419.86
2023-08-16,P002,Running Shoes X200,Footwear,7,59.99,419.93
2023-08-16,P003,Organic Green Tea (50 bags),Grocery,35,8.99,314.65
2023-08-16,P004,Yoga Mat Premium,Sports,6,24.99,149.94
2023-08-16,P005,USB-C Hub 7-in-1,Electronics,14,34.99,489.86
2023-08-16,P006,Protein Powder Vanilla 1kg,Health,12,39.99,479.88
2023-08-16,P007,Smart Water Bottle,Sports,4,19.99,79.96
2023-08-16,P008,Coffee Beans Premium 250g,Grocery,34,12.99,441.66
2023-08-16,P009,Resistance Band Set,Sports,10,14.99,149.9
2023-08-16,P010,Face Moisturiser SPF50,Beauty,8,18.99,151.92
2023-08-17,P001,Wireless Earbuds Pro,Electronics,13,29.99,389.87
2023-08-17,P002,Running Shoes X200,Footwear,8,59.99,479.92
2023-08-17,P003,Organic Green Tea (50 bags),Grocery,33,8.99,296.67
2023-08-17,P004,Yoga Mat Premium,Sports,1,24.99,24.99
2023-08-17,P005,USB-C Hub 7-in-1,Electronics,12,34.99,419.88
2023-08-17,P006,Protein Powder Vanilla 1kg,Health,12,39.99,479.88
2023-08-17,P007,Smart Water Bottle,Sports,9,19.99,179.91
2023-08-17,P008,Coffee Beans Premium 250g,Grocery,26,12.99,337.74
2023-08-17,P009,Resistance Band Set,Sports,10,14.99,149.9
2023-08-17,P010,Face Moisturiser SPF50,Beauty,15,18.99,284.85
2023-08-18,P001,Wireless Earbuds Pro,Electronics,10,29.99,299.9
2023-08-18,P002,Running Shoes X200,Footwear,10,59.99,599.9
2023-08-18,P003,Organic Green Tea (50 bags),Grocery,33,8.99,296.67
2023-08-18,P004,Yoga Mat Premium,Sports,12,24.99,299.88
2023-08-18,P005,USB-C Hub 7-in-1,Electronics,11,34.99,384.89
2023-08-18,P006,Protein Powder Vanilla 1kg,Health,13,39.99,519.87
2023-08-18,P007,Smart Water Bottle,Sports,6,19.99,119.94
2023-08-18,P008,Coffee Beans Premium 250g,Grocery,32,12.99,415.68
2023-08-18,P009,Resistance Band Set,Sports,11,14.99,164.89
2023-08-18,P010,Face Moisturiser SPF50,Beauty,16,18.99,303.84
2023-08-19,P001,Wireless Earbuds Pro,Electronics,11,29.99,329.89
2023-08-19,P002,Running Shoes X200,Footwear,10,59.99,599.9
2023-08-19,P003,Organic Green Tea (50 bags),Grocery,35,8.99,314.65
2023-08-19,P004,Yoga Mat Premium,Sports,8,24.99,199.92
2023-08-19,P005,USB-C Hub 7-in-1,Electronics,12,34.99,419.88
2023-08-19,P006,Protein Powder Vanilla 1kg,Health,13,39.99,519.87
2023-08-19,P007,Smart Water Bottle,Sports,14,19.99,279.86
2023-08-19,P008,Coffee Beans Premium 250g,Grocery,40,12.99,519.6
2023-08-19,P009,Resistance Band Set,Sports,24,14.99,359.76
2023-08-19,P010,Face Moisturiser SPF50,Beauty,27,18.99,512.73
2023-08-21,P001,Wireless Earbuds Pro,Electronics,13,29.99,389.87
2023-08-21,P002,Running Shoes X200,Footwear,2,59.99,119.98
2023-08-21,P003,Organic Green Tea (50 bags),Grocery,26,8.99,233.74
2023-08-21,P004,Yoga Mat Premium,Sports,5,24.99,124.95
2023-08-21,P005,USB-C Hub 7-in-1,Electronics,13,34.99,454.87
2023-08-21,P006,Protein Powder Vanilla 1kg,Health,19,39.99,759.81
2023-08-21,P007,Smart Water Bottle,Sports,4,19.99,79.96
2023-08-21,P008,Coffee Beans Premium 250g,Grocery,28,12.99,363.72
2023-08-21,P009,Resistance Band Set,Sports,7,14.99,104.93
2023-08-21,P010,Face Moisturiser SPF50,Beauty,16,18.99,303.84
2023-08-22,P001,Wireless Earbuds Pro,Electronics,9,29.99,269.91
2023-08-22,P002,Running Shoes X200,Footwear,5,59.99,299.95
2023-08-22,P003,Organic Green Tea (50 bags),Grocery,25,8.99,224.75
2023-08-22,P004,Yoga Mat Premium,Sports,7,24.99,174.93
2023-08-22,P005,USB-C Hub 7-in-1,Electronics,6,34.99,209.94
2023-08-22,P006,Protein Powder Vanilla 1kg,Health,22,39.99,879.78
2023-08-22,P007,Smart Water Bottle,Sports,7,19.99,139.93
2023-08-22,P008,Coffee Beans Premium 250g,Grocery,27,12.99,350.73
2023-08-22,P009,Resistance Band Set,Sports,8,14.99,119.92
2023-08-22,P010,Face Moisturiser SPF50,Beauty,17,18.99,322.83
2023-08-23,P001,Wireless Earbuds Pro,Electronics,14,29.99,419.86
2023-08-23,P002,Running Shoes X200,Footwear,7,59.99,419.93
2023-08-23,P003,Organic Green Tea (50 bags),Grocery,26,8.99,233.74
2023-08-23,P004,Yoga Mat Premium,Sports,5,24.99,124.95
2023-08-23,P005,USB-C Hub 7-in-1,Electronics,11,34.99,384.89
2023-08-23,P006,Protein Powder Vanilla 1kg,Health,13,39.99,519.87
2023-08-23,P007,Smart Water Bottle,Sports,5,19.99,99.95
2023-08-23,P008,Coffee Beans Premium 250g,Grocery,32,12.99,415.68
2023-08-23,P009,Resistance Band Set,Sports,9,14.99,134.91
2023-08-23,P010,Face Moisturiser SPF50,Beauty,16,18.99,303.84
2023-08-24,P001,Wireless Earbuds Pro,Electronics,14,29.99,419.86
2023-08-24,P002,Running Shoes X200,Footwear,10,59.99,599.9
2023-08-24,P003,Organic Green Tea (50 bags),Grocery,25,8.99,224.75
2023-08-24,P004,Yoga Mat Premium,Sports,6,24.99,149.94
2023-08-24,P005,USB-C Hub 7-in-1,Electronics,8,34.99,279.92
2023-08-24,P006,Protein Powder Vanilla 1kg,Health,21,39.99,839.79
2023-08-24,P007,Smart Water Bottle,Sports,12,19.99,239.88
2023-08-24,P008,Coffee Beans Premium 250g,Grocery,33,12.99,428.67
2023-08-24,P009,Resistance Band Set,Sports,10,14.99,149.9
2023-08-24,P010,Face Moisturiser SPF50,Beauty,7,18.99,132.93
2023-08-25,P001,Wireless Earbuds Pro,Electronics,12,29.99,359.88
2023-08-25,P002,Running Shoes X200,Footwear,9,59.99,539.91
2023-08-25,P003,Organic Green Tea (50 bags),Grocery,28,8.99,251.72
2023-08-25,P004,Yoga Mat Premium,Sports,5,24.99,124.95
2023-08-25,P005,USB-C Hub 7-in-1,Electronics,10,34.99,349.9
2023-08-25,P006,Protein Powder Vanilla 1kg,Health,15,39.99,599.85
2023-08-25,P007,Smart Water Bottle,Sports,9,19.99,179.91
2023-08-25,P008,Coffee Beans Premium 250g,Grocery,29,12.99,376.71
2023-08-25,P009,Resistance Band Set,Sports,16,14.99,239.84
2023-08-25,P010,Face Moisturiser SPF50,Beauty,14,18.99,265.86
2023-08-26,P001,Wireless Earbuds Pro,Electronics,18,29.99,539.82
2023-08-26,P002,Running Shoes X200,Footwear,10,59.99,599.9
2023-08-26,P003,Organic Green Tea (50 bags),Grocery,47,8.99,422.53
2023-08-26,P004,Yoga Mat Premium,Sports,4,24.99,99.96
2023-08-26,P005,USB-C Hub 7-in-1,Electronics,18,34.99,629.82
2023-08-26,P006,Protein Powder Vanilla 1kg,Health,21,39.99,839.79
2023-08-26,P007,Smart Water Bottle,Sports,16,19.99,319.84
2023-08-26,P008,Coffee Beans Premium 250g,Grocery,43,12.99,558.57
2023-08-26,P009,Resistance Band Set,Sports,11,14.99,164.89
2023-08-26,P010,Face Moisturiser SPF50,Beauty,17,18.99,322.83
2023-08-28,P001,Wireless Earbuds Pro,Electronics,12,29.99,359.88
2023-08-28,P002,Running Shoes X200,Footwear,8,59.99,479.92
2023-08-28,P003,Organic Green Tea (50 bags),Grocery,29,8.99,260.71
2023-08-28,P004,Yoga Mat Premium,Sports,5,24.99,124.95
2023-08-28,P005,USB-C Hub 7-in-1,Electronics,10,34.99,349.9
2023-08-28,P006,Protein Powder Vanilla 1kg,Health,14,39.99,559.86
2023-08-28,P007,Smart Water Bottle,Sports,9,19.99,179.91
2023-08-28,P008,Coffee Beans Premium 250g,Grocery,30,12.99,389.7
2023-08-28,P009,Resistance Band Set,Sports,4,14.99,59.96
2023-08-28,P010,Face Moisturiser SPF50,Beauty,14,18.99,265.86
2023-08-29,P001,Wireless Earbuds Pro,Electronics,8,29.99,239.92
2023-08-29,P002,Running Shoes X200,Footwear,5,59.99,299.95
2023-08-29,P003,Organic Green Tea (50 bags),Grocery,24,8.99,215.76
2023-08-29,P004,Yoga Mat Premium,Sports,2,24.99,49.98
2023-08-29,P005,USB-C Hub 7-in-1,Electronics,11,34.99,384.89
2023-08-29,P006,Protein Powder Vanilla 1kg,Health,19,39.99,759.81
2023-08-29,P007,Smart Water Bottle,Sports,9,19.99,179.91
2023-08-29,P008,Coffee Beans Premium 250g,Grocery,29,12.99,376.71
2023-08-29,P009,Resistance Band Set,Sports,15,14.99,224.85
2023-08-29,P010,Face Moisturiser SPF50,Beauty,14,18.99,265.86
2023-08-30,P001,Wireless Earbuds Pro,Electronics,15,29.99,449.85
2023-08-30,P002,Running Shoes X200,Footwear,8,59.99,479.92
2023-08-30,P003,Organic Green Tea (50 bags),Grocery,21,8.99,188.79
2023-08-30,P004,Yoga Mat Premium,Sports,4,24.99,99.96
2023-08-30,P005,USB-C Hub 7-in-1,Electronics,11,34.99,384.89
2023-08-30,P006,Protein Powder Vanilla 1kg,Health,14,39.99,559.86
2023-08-30,P007,Smart Water Bottle,Sports,5,19.99,99.95
2023-08-30,P008,Coffee Beans Premium 250g,Grocery,22,12.99,285.78
2023-08-30,P009,Resistance Band Set,Sports,8,14.99,119.92
2023-08-30,P010,Face Moisturiser SPF50,Beauty,19,18.99,360.81
2023-08-31,P001,Wireless Earbuds Pro,Electronics,10,29.99,299.9
2023-08-31,P002,Running Shoes X200,Footwear,7,59.99,419.93
2023-08-31,P003,Organic Green Tea (50 bags),Grocery,18,8.99,161.82
2023-08-31,P004,Yoga Mat Premium,Sports,5,24.99,124.95
2023-08-31,P005,USB-C Hub 7-in-1,Electronics,11,34.99,384.89
2023-08-31,P006,Protein Powder Vanilla 1kg,Health,18,39.99,719.82
2023-08-31,P007,Smart Water Bottle,Sports,7,19.99,139.93
2023-08-31,P008,Coffee Beans Premium 250g,Grocery,30,12.99,389.7
2023-08-31,P009,Resistance Band Set,Sports,11,14.99,164.89
2023-08-31,P010,Face Moisturiser SPF50,Beauty,11,18.99,208.89
2023-09-01,P001,Wireless Earbuds Pro,Electronics,16,29.99,479.84
2023-09-01,P002,Running Shoes X200,Footwear,4,59.99,239.96
2023-09-01,P003,Organic Green Tea (50 bags),Grocery,31,8.99,278.69
2023-09-01,P004,Yoga Mat Premium,Sports,6,24.99,149.94
2023-09-01,P005,USB-C Hub 7-in-1,Electronics,9,34.99,314.91
2023-09-01,P006,Protein Powder Vanilla 1kg,Health,14,39.99,559.86
2023-09-01,P007,Smart Water Bottle,Sports,9,19.99,179.91
2023-09-01,P008,Coffee Beans Premium 250g,Grocery,37,12.99,480.63
2023-09-01,P009,Resistance Band Set,Sports,12,14.99,179.88
2023-09-01,P010,Face Moisturiser SPF50,Beauty,14,18.99,265.86
2023-09-02,P001,Wireless Earbuds Pro,Electronics,18,29.99,539.82
2023-09-02,P002,Running Shoes X200,Footwear,6,59.99,359.94
2023-09-02,P003,Organic Green Tea (50 bags),Grocery,21,8.99,188.79
2023-09-02,P004,Yoga Mat Premium,Sports,8,24.99,199.92
2023-09-02,P005,USB-C Hub 7-in-1,Electronics,14,34.99,489.86
2023-09-02,P006,Protein Powder Vanilla 1kg,Health,27,39.99,1079.73
2023-09-02,P007,Smart Water Bottle,Sports,13,19.99,259.87
2023-09-02,P008,Coffee Beans Premium 250g,Grocery,50,12.99,649.5
2023-09-02,P009,Resistance Band Set,Sports,8,14.99,119.92
2023-09-02,P010,Face Moisturiser SPF50,Beauty,16,18.99,303.84
2023-09-04,P001,Wireless Earbuds Pro,Electronics,13,29.99,389.87
2023-09-04,P002,Running Shoes X200,Footwear,7,59.99,419.93
2023-09-04,P003,Organic Green Tea (50 bags),Grocery,21,8.99,188.79
2023-09-04,P004,Yoga Mat Premium,Sports,3,24.99,74.97
2023-09-04,P005,USB-C Hub 7-in-1,Electronics,17,34.99,594.83
2023-09-04,P006,Protein Powder Vanilla 1kg,Health,8,39.99,319.92
2023-09-04,P007,Smart Water Bottle,Sports,9,19.99,179.91
2023-09-04,P008,Coffee Beans Premium 250g,Grocery,31,12.99,402.69
2023-09-04,P009,Resistance Band Set,Sports,10,14.99,149.9
2023-09-04,P010,Face Moisturiser SPF50,Beauty,10,18.99,189.9
2023-09-05,P001,Wireless Earbuds Pro,Electronics,13,29.99,389.87
2023-09-05,P002,Running Shoes X200,Footwear,9,59.99,539.91
2023-09-05,P003,Organic Green Tea (50 bags),Grocery,20,8.99,179.8
2023-09-05,P004,Yoga Mat Premium,Sports,2,24.99,49.98
2023-09-05,P005,USB-C Hub 7-in-1,Electronics,10,34.99,349.9
2023-09-05,P006,Protein Powder Vanilla 1kg,Health,15,39.99,599.85
2023-09-05,P007,Smart Water Bottle,Sports,7,19.99,139.93
2023-09-05,P008,Coffee Beans Premium 250g,Grocery,28,12.99,363.72
2023-09-05,P009,Resistance Band Set,Sports,9,14.99,134.91
2023-09-05,P010,Face Moisturiser SPF50,Beauty,15,18.99,284.85
2023-09-06,P001,Wireless Earbuds Pro,Electronics,14,29.99,419.86
2023-09-06,P002,Running Shoes X200,Footwear,8,59.99,479.92
2023-09-06,P003,Organic Green Tea (50 bags),Grocery,19,8.99,170.81
2023-09-06,P004,Yoga Mat Premium,Sports,5,24.99,124.95
2023-09-06,P005,USB-C Hub 7-in-1,Electronics,13,34.99,454.87
2023-09-06,P006,Protein Powder Vanilla 1kg,Health,6,39.99,239.94
2023-09-06,P007,Smart Water Bottle,Sports,5,19.99,99.95
2023-09-06,P008,Coffee Beans Premium 250g,Grocery,36,12.99,467.64
2023-09-06,P009,Resistance Band Set,Sports,9,14.99,134.91
2023-09-06,P010,Face Moisturiser SPF50,Beauty,12,18.99,227.88
2023-09-07,P001,Wireless Earbuds Pro,Electronics,11,29.99,329.89
2023-09-07,P002,Running Shoes X200,Footwear,9,59.99,539.91
2023-09-07,P003,Organic Green Tea (50 bags),Grocery,20,8.99,179.8
2023-09-07,P004,Yoga Mat Premium,Sports,5,24.99,124.95
2023-09-07,P005,USB-C Hub 7-in-1,Electronics,8,34.99,279.92
2023-09-07,P006,Protein Powder Vanilla 1kg,Health,18,39.99,719.82
2023-09-07,P007,Smart Water Bottle,Sports,5,19.99,99.95
2023-09-07,P008,Coffee Beans Premium 250g,Grocery,28,12.99,363.72
2023-09-07,P009,Resistance Band Set,Sports,9,14.99,134.91
2023-09-07,P010,Face Moisturiser SPF50,Beauty,16,18.99,303.84
2023-09-08,P001,Wireless Earbuds Pro,Electronics,10,29.99,299.9
2023-09-08,P002,Running Shoes X200,Footwear,8,59.99,479.92
2023-09-08,P003,Organic Green Tea (50 bags),Grocery,15,8.99,134.85
2023-09-08,P004,Yoga Mat Premium,Sports,6,24.99,149.94
2023-09-08,P005,USB-C Hub 7-in-1,Electronics,11,34.99,384.89
2023-09-08,P006,Protein Powder Vanilla 1kg,Health,15,39.99,599.85
2023-09-08,P007,Smart Water Bottle,Sports,18,19.99,359.82
2023-09-08,P008,Coffee Beans Premium 250g,Grocery,25,12.99,324.75
2023-09-08,P009,Resistance Band Set,Sports,11,14.99,164.89
2023-09-08,P010,Face Moisturiser SPF50,Beauty,11,18.99,208.89
2023-09-09,P001,Wireless Earbuds Pro,Electronics,16,29.99,479.84
2023-09-09,P002,Running Shoes X200,Footwear,11,59.99,659.89
2023-09-09,P003,Organic Green Tea (50 bags),Grocery,31,8.99,278.69
2023-09-09,P004,Yoga Mat Premium,Sports,12,24.99,299.88
2023-09-09,P005,USB-C Hub 7-in-1,Electronics,10,34.99,349.9
2023-09-09,P006,Protein Powder Vanilla 1kg,Health,16,39.99,639.84
2023-09-09,P007,Smart Water Bottle,Sports,2,19.99,39.98
2023-09-09,P008,Coffee Beans Premium 250g,Grocery,33,12.99,428.67
2023-09-09,P009,Resistance Band Set,Sports,14,14.99,209.86
2023-09-09,P010,Face Moisturiser SPF50,Beauty,17,18.99,322.83
2023-09-11,P001,Wireless Earbuds Pro,Electronics,13,29.99,389.87
2023-09-11,P002,Running Shoes X200,Footwear,1,59.99,59.99
2023-09-11,P003,Organic Green Tea (50 bags),Grocery,31,8.99,278.69
2023-09-11,P004,Yoga Mat Premium,Sports,11,24.99,274.89
2023-09-11,P005,USB-C Hub 7-in-1,Electronics,10,34.99,349.9
2023-09-11,P006,Protein Powder Vanilla 1kg,Health,12,39.99,479.88
2023-09-11,P007,Smart Water Bottle,Sports,11,19.99,219.89
2023-09-11,P008,Coffee Beans Premium 250g,Grocery,32,12.99,415.68
2023-09-11,P009,Resistance Band Set,Sports,10,14.99,149.9
2023-09-11,P010,Face Moisturiser SPF50,Beauty,12,18.99,227.88
2023-09-12,P001,Wireless Earbuds Pro,Electronics,6,29.99,179.94
2023-09-12,P002,Running Shoes X200,Footwear,10,59.99,599.9
2023-09-12,P003,Organic Green Tea (50 bags),Grocery,20,8.99,179.8
2023-09-12,P004,Yoga Mat Premium,Sports,5,24.99,124.95
2023-09-12,P005,USB-C Hub 7-in-1,Electronics,8,34.99,279.92
2023-09-12,P006,Protein Powder Vanilla 1kg,Health,12,39.99,479.88
2023-09-12,P007,Smart Water Bottle,Sports,7,19.99,139.93
2023-09-12,P008,Coffee Beans Premium 250g,Grocery,19,12.99,246.81
2023-09-12,P009,Resistance Band Set,Sports,17,14.99,254.83
2023-09-12,P010,Face Moisturiser SPF50,Beauty,16,18.99,303.84
2023-09-13,P001,Wireless Earbuds Pro,Electronics,15,29.99,449.85
2023-09-13,P002,Running Shoes X200,Footwear,11,59.99,659.89
2023-09-13,P003,Organic Green Tea (50 bags),Grocery,23,8.99,206.77
2023-09-13,P004,Yoga Mat Premium,Sports,5,24.99,124.95
2023-09-13,P005,USB-C Hub 7-in-1,Electronics,10,34.99,349.9
2023-09-13,P006,Protein Powder Vanilla 1kg,Health,15,39.99,599.85
2023-09-13,P007,Smart Water Bottle,Sports,11,19.99,219.89
2023-09-13,P008,Coffee Beans Premium 250g,Grocery,25,12.99,324.75
2023-09-13,P009,Resistance Band Set,Sports,12,14.99,179.88
2023-09-13,P010,Face Moisturiser SPF50,Beauty,17,18.99,322.83
2023-09-14,P001,Wireless Earbuds Pro,Electronics,6,29.99,179.94
2023-09-14,P002,Running Shoes X200,Footwear,8,59.99,479.92
2023-09-14,P003,Organic Green Tea (50 bags),Grocery,29,8.99,260.71
2023-09-14,P004,Yoga Mat Premium,Sports,8,24.99,199.92
2023-09-14,P005,USB-C Hub 7-in-1,Electronics,7,34.99,244.93
2023-09-14,P006,Protein Powder Vanilla 1kg,Health,15,39.99,599.85
2023-09-14,P007,Smart Water Bottle,Sports,11,19.99,219.89
2023-09-14,P008,Coffee Beans Premium 250g,Grocery,28,12.99,363.72
2023-09-14,P009,Resistance Band Set,Sports,12,14.99,179.88
2023-09-14,P010,Face Moisturiser SPF50,Beauty,14,18.99,265.86
2023-09-15,P001,Wireless Earbuds Pro,Electronics,7,29.99,209.93
2023-09-15,P002,Running Shoes X200,Footwear,7,59.99,419.93
2023-09-15,P003,Organic Green Tea (50 bags),Grocery,23,8.99,206.77
2023-09-15,P004,Yoga Mat Premium,Sports,10,24.99,249.9
2023-09-15,P005,USB-C Hub 7-in-1,Electronics,11,34.99,384.89
2023-09-15,P006,Protein Powder Vanilla 1kg,Health,16,39.99,639.84
2023-09-15,P007,Smart Water Bottle,Sports,4,19.99,79.96
2023-09-15,P008,Coffee Beans Premium 250g,Grocery,25,12.99,324.75
2023-09-15,P009,Resistance Band Set,Sports,10,14.99,149.9
2023-09-15,P010,Face Moisturiser SPF50,Beauty,9,18.99,170.91
2023-09-16,P001,Wireless Earbuds Pro,Electronics,19,29.99,569.81
2023-09-16,P002,Running Shoes X200,Footwear,13,59.99,779.87
2023-09-16,P003,Organic Green Tea (50 bags),Grocery,30,8.99,269.7
2023-09-16,P004,Yoga Mat Premium,Sports,8,24.99,199.92
2023-09-16,P005,USB-C Hub 7-in-1,Electronics,10,34.99,349.9
2023-09-16,P006,Protein Powder Vanilla 1kg,Health,20,39.99,799.8
2023-09-16,P007,Smart Water Bottle,Sports,7,19.99,139.93
2023-09-16,P008,Coffee Beans Premium 250g,Grocery,34,12.99,441.66
2023-09-16,P009,Resistance Band Set,Sports,5,14.99,74.95
2023-09-16,P010,Face Moisturiser SPF50,Beauty,12,18.99,227.88
2023-09-18,P001,Wireless Earbuds Pro,Electronics,11,29.99,329.89
2023-09-18,P002,Running Shoes X200,Footwear,9,59.99,539.91
2023-09-18,P003,Organic Green Tea (50 bags),Grocery,25,8.99,224.75
2023-09-18,P004,Yoga Mat Premium,Sports,3,24.99,74.97
2023-09-18,P005,USB-C Hub 7-in-1,Electronics,11,34.99,384.89
2023-09-18,P006,Protein Powder Vanilla 1kg,Health,13,39.99,519.87
2023-09-18,P007,Smart Water Bottle,Sports,9,19.99,179.91
2023-09-18,P008,Coffee Beans Premium 250g,Grocery,32,12.99,415.68
2023-09-18,P009,Resistance Band Set,Sports,11,14.99,164.89
2023-09-18,P010,Face Moisturiser SPF50,Beauty,11,18.99,208.89
2023-09-19,P001,Wireless Earbuds Pro,Electronics,11,29.99,329.89
2023-09-19,P002,Running Shoes X200,Footwear,2,59.99,119.98
2023-09-19,P003,Organic Green Tea (50 bags),Grocery,26,8.99,233.74
2023-09-19,P004,Yoga Mat Premium,Sports,7,24.99,174.93
2023-09-19,P005,USB-C Hub 7-in-1,Electronics,10,34.99,349.9
2023-09-19,P006,Protein Powder Vanilla 1kg,Health,6,39.99,239.94
2023-09-19,P007,Smart Water Bottle,Sports,7,19.99,139.93
2023-09-19,P008,Coffee Beans Premium 250g,Grocery,33,12.99,428.67
2023-09-19,P009,Resistance Band Set,Sports,9,14.99,134.91
2023-09-19,P010,Face Moisturiser SPF50,Beauty,16,18.99,303.84
2023-09-20,P001,Wireless Earbuds Pro,Electronics,10,29.99,299.9
2023-09-20,P002,Running Shoes X200,Footwear,5,59.99,299.95
2023-09-20,P003,Organic Green Tea (50 bags),Grocery,27,8.99,242.73
2023-09-20,P004,Yoga Mat Premium,Sports,5,24.99,124.95
2023-09-20,P005,USB-C Hub 7-in-1,Electronics,12,34.99,419.88
2023-09-20,P006,Protein Powder Vanilla 1kg,Health,12,39.99,479.88
2023-09-20,P007,Smart Water Bottle,Sports,6,19.99,119.94
2023-09-20,P008,Coffee Beans Premium 250g,Grocery,30,12.99,389.7
2023-09-20,P009,Resistance Band Set,Sports,12,14.99,179.88
2023-09-20,P010,Face Moisturiser SPF50,Beauty,13,18.99,246.87
2023-09-21,P001,Wireless Earbuds Pro,Electronics,6,29.99,179.94
2023-09-21,P002,Running Shoes X200,Footwear,7,59.99,419.93
2023-09-21,P003,Organic Green Tea (50 bags),Grocery,18,8.99,161.82
2023-09-21,P004,Yoga Mat Premium,Sports,7,24.99,174.93
2023-09-21,P005,USB-C Hub 7-in-1,Electronics,4,34.99,139.96
2023-09-21,P006,Protein Powder Vanilla 1kg,Health,16,39.99,639.84
2023-09-21,P007,Smart Water Bottle,Sports,8,19.99,159.92
2023-09-21,P008,Coffee Beans Premium 250g,Grocery,24,12.99,311.76
2023-09-21,P009,Resistance Band Set,Sports,13,14.99,194.87
2023-09-21,P010,Face Moisturiser SPF50,Beauty,12,18.99,227.88
2023-09-22,P001,Wireless Earbuds Pro,Electronics,9,29.99,269.91
2023-09-22,P002,Running Shoes X200,Footwear,12,59.99,719.88
2023-09-22,P003,Organic Green Tea (50 bags),Grocery,26,8.99,233.74
2023-09-22,P004,Yoga Mat Premium,Sports,2,24.99,49.98
2023-09-22,P005,USB-C Hub 7-in-1,Electronics,9,34.99,314.91
2023-09-22,P006,Protein Powder Vanilla 1kg,Health,11,39.99,439.89
2023-09-22,P007,Smart Water Bottle,Sports,10,19.99,199.9
2023-09-22,P008,Coffee Beans Premium 250g,Grocery,27,12.99,350.73
2023-09-22,P009,Resistance Band Set,Sports,6,14.99,89.94
2023-09-22,P010,Face Moisturiser SPF50,Beauty,15,18.99,284.85
2023-09-23,P001,Wireless Earbuds Pro,Electronics,16,29.99,479.84
2023-09-23,P002,Running Shoes X200,Footwear,7,59.99,419.93
2023-09-23,P003,Organic Green Tea (50 bags),Grocery,25,8.99,224.75
2023-09-23,P004,Yoga Mat Premium,Sports,12,24.99,299.88
2023-09-23,P005,USB-C Hub 7-in-1,Electronics,15,34.99,524.85
2023-09-23,P006,Protein Powder Vanilla 1kg,Health,13,39.99,519.87
2023-09-23,P007,Smart Water Bottle,Sports,14,19.99,279.86
2023-09-23,P008,Coffee Beans Premium 250g,Grocery,33,12.99,428.67
2023-09-23,P009,Resistance Band Set,Sports,11,14.99,164.89
2023-09-23,P010,Face Moisturiser SPF50,Beauty,17,18.99,322.83
2023-09-25,P001,Wireless Earbuds Pro,Electronics,5,29.99,149.95
2023-09-25,P002,Running Shoes X200,Footwear,4,59.99,239.96
2023-09-25,P003,Organic Green Tea (50 bags),Grocery,19,8.99,170.81
2023-09-25,P004,Yoga Mat Premium,Sports,7,24.99,174.93
2023-09-25,P005,USB-C Hub 7-in-1,Electronics,15,34.99,524.85
2023-09-25,P006,Protein Powder Vanilla 1kg,Health,12,39.99,479.88
2023-09-25,P007,Smart Water Bottle,Sports,11,19.99,219.89
2023-09-25,P008,Coffee Beans Premium 250g,Grocery,23,12.99,298.77
2023-09-25,P009,Resistance Band Set,Sports,13,14.99,194.87
2023-09-25,P010,Face Moisturiser SPF50,Beauty,13,18.99,246.87
2023-09-26,P001,Wireless Earbuds Pro,Electronics,10,29.99,299.9
2023-09-26,P002,Running Shoes X200,Footwear,8,59.99,479.92
2023-09-26,P003,Organic Green Tea (50 bags),Grocery,21,8.99,188.79
2023-09-26,P004,Yoga Mat Premium,Sports,5,24.99,124.95
2023-09-26,P005,USB-C Hub 7-in-1,Electronics,7,34.99,244.93
2023-09-26,P006,Protein Powder Vanilla 1kg,Health,12,39.99,479.88
2023-09-26,P007,Smart Water Bottle,Sports,7,19.99,139.93
2023-09-26,P008,Coffee Beans Premium 250g,Grocery,32,12.99,415.68
2023-09-26,P009,Resistance Band Set,Sports,6,14.99,89.94
2023-09-26,P010,Face Moisturiser SPF50,Beauty,11,18.99,208.89
2023-09-27,P001,Wireless Earbuds Pro,Electronics,9,29.99,269.91
2023-09-27,P003,Organic Green Tea (50 bags),Grocery,17,8.99,152.83
2023-09-27,P004,Yoga Mat Premium,Sports,6,24.99,149.94
2023-09-27,P005,USB-C Hub 7-in-1,Electronics,7,34.99,244.93
2023-09-27,P006,Protein Powder Vanilla 1kg,Health,7,39.99,279.93
2023-09-27,P007,Smart Water Bottle,Sports,6,19.99,119.94
2023-09-27,P008,Coffee Beans Premium 250g,Grocery,23,12.99,298.77
2023-09-27,P009,Resistance Band Set,Sports,8,14.99,119.92
2023-09-27,P010,Face Moisturiser SPF50,Beauty,10,18.99,189.9
2023-09-28,P001,Wireless Earbuds Pro,Electronics,8,29.99,239.92
2023-09-28,P002,Running Shoes X200,Footwear,6,59.99,359.94
2023-09-28,P003,Organic Green Tea (50 bags),Grocery,24,8.99,215.76
2023-09-28,P004,Yoga Mat Premium,Sports,7,24.99,174.93
2023-09-28,P005,USB-C Hub 7-in-1,Electronics,7,34.99,244.93
2023-09-28,P006,Protein Powder Vanilla 1kg,Health,13,39.99,519.87
2023-09-28,P007,Smart Water Bottle,Sports,10,19.99,199.9
2023-09-28,P008,Coffee Beans Premium 250g,Grocery,32,12.99,415.68
2023-09-28,P009,Resistance Band Set,Sports,11,14.99,164.89
2023-09-28,P010,Face Moisturiser SPF50,Beauty,13,18.99,246.87
2023-09-29,P001,Wireless Earbuds Pro,Electronics,15,29.99,449.85
2023-09-29,P002,Running Shoes X200,Footwear,8,59.99,479.92
2023-09-29,P003,Organic Green Tea (50 bags),Grocery,15,8.99,134.85
2023-09-29,P004,Yoga Mat Premium,Sports,1,24.99,24.99
2023-09-29,P005,USB-C Hub 7-in-1,Electronics,8,34.99,279.92
2023-09-29,P006,Protein Powder Vanilla 1kg,Health,11,39.99,439.89
2023-09-29,P007,Smart Water Bottle,Sports,6,19.99,119.94
2023-09-29,P008,Coffee Beans Premium 250g,Grocery,31,12.99,402.69
2023-09-29,P009,Resistance Band Set,Sports,5,14.99,74.95
2023-09-29,P010,Face Moisturiser SPF50,Beauty,18,18.99,341.82
2023-09-30,P001,Wireless Earbuds Pro,Electronics,14,29.99,419.86
2023-09-30,P002,Running Shoes X200,Footwear,7,59.99,419.93
2023-09-30,P003,Organic Green Tea (50 bags),Grocery,22,8.99,197.78
2023-09-30,P004,Yoga Mat Premium,Sports,11,24.99,274.89
2023-09-30,P005,USB-C Hub 7-in-1,Electronics,12,34.99,419.88
2023-09-30,P006,Protein Powder Vanilla 1kg,Health,19,39.99,759.81
2023-09-30,P007,Smart Water Bottle,Sports,12,19.99,239.88
2023-09-30,P008,Coffee Beans Premium 250g,Grocery,39,12.99,506.61
2023-09-30,P009,Resistance Band Set,Sports,9,14.99,134.91
2023-09-30,P010,Face Moisturiser SPF50,Beauty,14,18.99,265.86
2023-10-02,P001,Wireless Earbuds Pro,Electronics,14,29.99,419.86
2023-10-02,P002,Running Shoes X200,Footwear,9,59.99,539.91
2023-10-02,P003,Organic Green Tea (50 bags),Grocery,18,8.99,161.82
2023-10-02,P004,Yoga Mat Premium,Sports,3,24.99,74.97
2023-10-02,P005,USB-C Hub 7-in-1,Electronics,6,34.99,209.94
2023-10-02,P006,Protein Powder Vanilla 1kg,Health,16,39.99,639.84
2023-10-02,P007,Smart Water Bottle,Sports,10,19.99,199.9
2023-10-02,P008,Coffee Beans Premium 250g,Grocery,28,12.99,363.72
2023-10-02,P009,Resistance Band Set,Sports,2,14.99,29.98
2023-10-02,P010,Face Moisturiser SPF50,Beauty,14,18.99,265.86
2023-10-03,P001,Wireless Earbuds Pro,Electronics,11,29.99,329.89
2023-10-03,P002,Running Shoes X200,Footwear,11,59.99,659.89
2023-10-03,P003,Organic Green Tea (50 bags),Grocery,20,8.99,179.8
2023-10-03,P004,Yoga Mat Premium,Sports,8,24.99,199.92
2023-10-03,P005,USB-C Hub 7-in-1,Electronics,8,34.99,279.92
2023-10-03,P006,Protein Powder Vanilla 1kg,Health,12,39.99,479.88
2023-10-03,P007,Smart Water Bottle,Sports,10,19.99,199.9
2023-10-03,P008,Coffee Beans Premium 250g,Grocery,28,12.99,363.72
2023-10-03,P009,Resistance Band Set,Sports,8,14.99,119.92
2023-10-03,P010,Face Moisturiser SPF50,Beauty,8,18.99,151.92
2023-10-04,P001,Wireless Earbuds Pro,Electronics,8,29.99,239.92
2023-10-04,P002,Running Shoes X200,Footwear,3,59.99,179.97
2023-10-04,P003,Organic Green Tea (50 bags),Grocery,19,8.99,170.81
2023-10-04,P004,Yoga Mat Premium,Sports,6,24.99,149.94
2023-10-04,P005,USB-C Hub 7-in-1,Electronics,8,34.99,279.92
2023-10-04,P006,Protein Powder Vanilla 1kg,Health,10,39.99,399.9
2023-10-04,P007,Smart Water Bottle,Sports,10,19.99,199.9
2023-10-04,P008,Coffee Beans Premium 250g,Grocery,25,12.99,324.75
2023-10-04,P009,Resistance Band Set,Sports,8,14.99,119.92
2023-10-04,P010,Face Moisturiser SPF50,Beauty,11,18.99,208.89
2023-10-05,P001,Wireless Earbuds Pro,Electronics,10,29.99,299.9
2023-10-05,P002,Running Shoes X200,Footwear,6,59.99,359.94
2023-10-05,P003,Organic Green Tea (50 bags),Grocery,21,8.99,188.79
2023-10-05,P004,Yoga Mat Premium,Sports,5,24.99,124.95
2023-10-05,P005,USB-C Hub 7-in-1,Electronics,11,34.99,384.89
2023-10-05,P006,Protein Powder Vanilla 1kg,Health,12,39.99,479.88
2023-10-05,P007,Smart Water Bottle,Sports,3,19.99,59.97
2023-10-05,P008,Coffee Beans Premium 250g,Grocery,23,12.99,298.77
2023-10-05,P009,Resistance Band Set,Sports,13,14.99,194.87
2023-10-05,P010,Face Moisturiser SPF50,Beauty,17,18.99,322.83
2023-10-06,P001,Wireless Earbuds Pro,Electronics,17,29.99,509.83
2023-10-06,P002,Running Shoes X200,Footwear,7,59.99,419.93
2023-10-06,P003,Organic Green Tea (50 bags),Grocery,32,8.99,287.68
2023-10-06,P004,Yoga Mat Premium,Sports,3,24.99,74.97
2023-10-06,P005,USB-C Hub 7-in-1,Electronics,9,34.99,314.91
2023-10-06,P006,Protein Powder Vanilla 1kg,Health,11,39.99,439.89
2023-10-06,P007,Smart Water Bottle,Sports,9,19.99,179.91
2023-10-06,P008,Coffee Beans Premium 250g,Grocery,27,12.99,350.73
2023-10-06,P009,Resistance Band Set,Sports,6,14.99,89.94
2023-10-06,P010,Face Moisturiser SPF50,Beauty,13,18.99,246.87
2023-10-07,P001,Wireless Earbuds Pro,Electronics,18,29.99,539.82
2023-10-07,P002,Running Shoes X200,Footwear,12,59.99,719.88
2023-10-07,P003,Organic Green Tea (50 bags),Grocery,33,8.99,296.67
2023-10-07,P004,Yoga Mat Premium,Sports,11,24.99,274.89
2023-10-07,P005,USB-C Hub 7-in-1,Electronics,12,34.99,419.88
2023-10-07,P006,Protein Powder Vanilla 1kg,Health,17,39.99,679.83
2023-10-07,P007,Smart Water Bottle,Sports,8,19.99,159.92
2023-10-07,P008,Coffee Beans Premium 250g,Grocery,35,12.99,454.65
2023-10-07,P009,Resistance Band Set,Sports,8,14.99,119.92
2023-10-07,P010,Face Moisturiser SPF50,Beauty,19,18.99,360.81
2023-10-09,P001,Wireless Earbuds Pro,Electronics,5,29.99,149.95
2023-10-09,P002,Running Shoes X200,Footwear,9,59.99,539.91
2023-10-09,P003,Organic Green Tea (50 bags),Grocery,26,8.99,233.74
2023-10-09,P004,Yoga Mat Premium,Sports,5,24.99,124.95
2023-10-09,P005,USB-C Hub 7-in-1,Electronics,18,34.99,629.82
2023-10-09,P006,Protein Powder Vanilla 1kg,Health,10,39.99,399.9
2023-10-09,P007,Smart Water Bottle,Sports,6,19.99,119.94
2023-10-09,P008,Coffee Beans Premium 250g,Grocery,23,12.99,298.77
2023-10-09,P009,Resistance Band Set,Sports,10,14.99,149.9
2023-10-09,P010,Face Moisturiser SPF50,Beauty,12,18.99,227.88
2023-10-10,P001,Wireless Earbuds Pro,Electronics,7,29.99,209.93
2023-10-10,P002,Running Shoes X200,Footwear,4,59.99,239.96
2023-10-10,P003,Organic Green Tea (50 bags),Grocery,30,8.99,269.7
2023-10-10,P004,Yoga Mat Premium,Sports,2,24.99,49.98
2023-10-10,P005,USB-C Hub 7-in-1,Electronics,7,34.99,244.93
2023-10-10,P006,Protein Powder Vanilla 1kg,Health,3,39.99,119.97
2023-10-10,P007,Smart Water Bottle,Sports,8,19.99,159.92
2023-10-10,P008,Coffee Beans Premium 250g,Grocery,26,12.99,337.74
2023-10-10,P009,Resistance Band Set,Sports,14,14.99,209.86
2023-10-10,P010,Face Moisturiser SPF50,Beauty,17,18.99,322.83
2023-10-11,P001,Wireless Earbuds Pro,Electronics,17,29.99,509.83
2023-10-11,P002,Running Shoes X200,Footwear,6,59.99,359.94
2023-10-11,P003,Organic Green Tea (50 bags),Grocery,22,8.99,197.78
2023-10-11,P004,Yoga Mat Premium,Sports,7,24.99,174.93
2023-10-11,P005,USB-C Hub 7-in-1,Electronics,9,34.99,314.91
2023-10-11,P006,Protein Powder Vanilla 1kg,Health,21,39.99,839.79
2023-10-11,P007,Smart Water Bottle,Sports,9,19.99,179.91
2023-10-11,P008,Coffee Beans Premium 250g,Grocery,23,12.99,298.77
2023-10-11,P009,Resistance Band Set,Sports,13,14.99,194.87
2023-10-11,P010,Face Moisturiser SPF50,Beauty,13,18.99,246.87
2023-10-12,P001,Wireless Earbuds Pro,Electronics,11,29.99,329.89
2023-10-12,P002,Running Shoes X200,Footwear,9,59.99,539.91
2023-10-12,P003,Organic Green Tea (50 bags),Grocery,21,8.99,188.79
2023-10-12,P004,Yoga Mat Premium,Sports,4,24.99,99.96
2023-10-12,P005,USB-C Hub 7-in-1,Electronics,12,34.99,419.88
2023-10-12,P006,Protein Powder Vanilla 1kg,Health,21,39.99,839.79
2023-10-12,P007,Smart Water Bottle,Sports,8,19.99,159.92
2023-10-12,P008,Coffee Beans Premium 250g,Grocery,32,12.99,415.68
2023-10-12,P009,Resistance Band Set,Sports,14,14.99,209.86
2023-10-12,P010,Face Moisturiser SPF50,Beauty,11,18.99,208.89
2023-10-13,P001,Wireless Earbuds Pro,Electronics,4,29.99,119.96
2023-10-13,P002,Running Shoes X200,Footwear,4,59.99,239.96
2023-10-13,P003,Organic Green Tea (50 bags),Grocery,22,8.99,197.78
2023-10-13,P004,Yoga Mat Premium,Sports,6,24.99,149.94
2023-10-13,P005,USB-C Hub 7-in-1,Electronics,7,34.99,244.93
2023-10-13,P006,Protein Powder Vanilla 1kg,Health,17,39.99,679.83
2023-10-13,P007,Smart Water Bottle,Sports,8,19.99,159.92
2023-10-13,P008,Coffee Beans Premium 250g,Grocery,26,12.99,337.74
2023-10-13,P009,Resistance Band Set,Sports,9,14.99,134.91
2023-10-13,P010,Face Moisturiser SPF50,Beauty,8,18.99,151.92
2023-10-14,P001,Wireless Earbuds Pro,Electronics,10,29.99,299.9
2023-10-14,P002,Running Shoes X200,Footwear,10,59.99,599.9
2023-10-14,P003,Organic Green Tea (50 bags),Grocery,31,8.99,278.69
2023-10-14,P004,Yoga Mat Premium,Sports,5,24.99,124.95
2023-10-14,P005,USB-C Hub 7-in-1,Electronics,7,34.99,244.93
2023-10-14,P006,Protein Powder Vanilla 1kg,Health,13,39.99,519.87
2023-10-14,P007,Smart Water Bottle,Sports,10,19.99,199.9
2023-10-14,P008,Coffee Beans Premium 250g,Grocery,35,12.99,454.65
2023-10-14,P009,Resistance Band Set,Sports,15,14.99,224.85
2023-10-14,P010,Face Moisturiser SPF50,Beauty,18,18.99,341.82
2023-10-16,P001,Wireless Earbuds Pro,Electronics,13,29.99,389.87
2023-10-16,P002,Running Shoes X200,Footwear,2,59.99,119.98
2023-10-16,P003,Organic Green Tea (50 bags),Grocery,25,8.99,224.75
2023-10-16,P004,Yoga Mat Premium,Sports,6,24.99,149.94
2023-10-16,P005,USB-C Hub 7-in-1,Electronics,6,34.99,209.94
2023-10-16,P006,Protein Powder Vanilla 1kg,Health,8,39.99,319.92
2023-10-16,P007,Smart Water Bottle,Sports,6,19.99,119.94
2023-10-16,P008,Coffee Beans Premium 250g,Grocery,16,12.99,207.84
2023-10-16,P009,Resistance Band Set,Sports,13,14.99,194.87
2023-10-16,P010,Face Moisturiser SPF50,Beauty,7,18.99,132.93
2023-10-17,P001,Wireless Earbuds Pro,Electronics,7,29.99,209.93
2023-10-17,P002,Running Shoes X200,Footwear,11,59.99,659.89
2023-10-17,P003,Organic Green Tea (50 bags),Grocery,26,8.99,233.74
2023-10-17,P004,Yoga Mat Premium,Sports,5,24.99,124.95
2023-10-17,P005,USB-C Hub 7-in-1,Electronics,9,34.99,314.91
2023-10-17,P006,Protein Powder Vanilla 1kg,Health,12,39.99,479.88
2023-10-17,P007,Smart Water Bottle,Sports,5,19.99,99.95
2023-10-17,P008,Coffee Beans Premium 250g,Grocery,26,12.99,337.74
2023-10-17,P009,Resistance Band Set,Sports,8,14.99,119.92
2023-10-17,P010,Face Moisturiser SPF50,Beauty,10,18.99,189.9
2023-10-18,P001,Wireless Earbuds Pro,Electronics,7,29.99,209.93
2023-10-18,P002,Running Shoes X200,Footwear,5,59.99,299.95
2023-10-18,P003,Organic Green Tea (50 bags),Grocery,14,8.99,125.86
2023-10-18,P004,Yoga Mat Premium,Sports,8,24.99,199.92
2023-10-18,P005,USB-C Hub 7-in-1,Electronics,3,34.99,104.97
2023-10-18,P006,Protein Powder Vanilla 1kg,Health,6,39.99,239.94
2023-10-18,P007,Smart Water Bottle,Sports,6,19.99,119.94
2023-10-18,P008,Coffee Beans Premium 250g,Grocery,28,12.99,363.72
2023-10-18,P009,Resistance Band Set,Sports,12,14.99,179.88
2023-10-18,P010,Face Moisturiser SPF50,Beauty,13,18.99,246.87
2023-10-19,P001,Wireless Earbuds Pro,Electronics,9,29.99,269.91
2023-10-19,P002,Running Shoes X200,Footwear,8,59.99,479.92
2023-10-19,P003,Organic Green Tea (50 bags),Grocery,20,8.99,179.8
2023-10-19,P004,Yoga Mat Premium,Sports,5,24.99,124.95
2023-10-19,P005,USB-C Hub 7-in-1,Electronics,14,34.99,489.86
2023-10-19,P006,Protein Powder Vanilla 1kg,Health,9,39.99,359.91
2023-10-19,P007,Smart Water Bottle,Sports,11,19.99,219.89
2023-10-19,P008,Coffee Beans Premium 250g,Grocery,25,12.99,324.75
2023-10-19,P009,Resistance Band Set,Sports,9,14.99,134.91
2023-10-19,P010,Face Moisturiser SPF50,Beauty,9,18.99,170.91
2023-10-20,P001,Wireless Earbuds Pro,Electronics,12,29.99,359.88
2023-10-20,P002,Running Shoes X200,Footwear,3,59.99,179.97
2023-10-20,P003,Organic Green Tea (50 bags),Grocery,19,8.99,170.81
2023-10-20,P004,Yoga Mat Premium,Sports,11,24.99,274.89
2023-10-20,P005,USB-C Hub 7-in-1,Electronics,4,34.99,139.96
2023-10-20,P006,Protein Powder Vanilla 1kg,Health,10,39.99,399.9
2023-10-20,P007,Smart Water Bottle,Sports,7,19.99,139.93
2023-10-20,P008,Coffee Beans Premium 250g,Grocery,16,12.99,207.84
2023-10-20,P009,Resistance Band Set,Sports,7,14.99,104.93
2023-10-20,P010,Face Moisturiser SPF50,Beauty,12,18.99,227.88
2023-10-21,P001,Wireless Earbuds Pro,Electronics,10,29.99,299.9
2023-10-21,P002,Running Shoes X200,Footwear,13,59.99,779.87
2023-10-21,P003,Organic Green Tea (50 bags),Grocery,24,8.99,215.76
2023-10-21,P004,Yoga Mat Premium,Sports,10,24.99,249.9
2023-10-21,P005,USB-C Hub 7-in-1,Electronics,14,34.99,489.86
2023-10-21,P006,Protein Powder Vanilla 1kg,Health,13,39.99,519.87
2023-10-21,P007,Smart Water Bottle,Sports,11,19.99,219.89
2023-10-21,P008,Coffee Beans Premium 250g,Grocery,29,12.99,376.71
2023-10-21,P009,Resistance Band Set,Sports,15,14.99,224.85
2023-10-21,P010,Face Moisturiser SPF50,Beauty,14,18.99,265.86
2023-10-23,P001,Wireless Earbuds Pro,Electronics,14,29.99,419.86
2023-10-23,P002,Running Shoes X200,Footwear,6,59.99,359.94
2023-10-23,P003,Organic Green Tea (50 bags),Grocery,18,8.99,161.82
2023-10-23,P004,Yoga Mat Premium,Sports,6,24.99,149.94
2023-10-23,P005,USB-C Hub 7-in-1,Electronics,7,34.99,244.93
2023-10-23,P006,Protein Powder Vanilla 1kg,Health,13,39.99,519.87
2023-10-23,P007,Smart Water Bottle,Sports,9,19.99,179.91
2023-10-23,P008,Coffee Beans Premium 250g,Grocery,26,12.99,337.74
2023-10-23,P009,Resistance Band Set,Sports,8,14.99,119.92
2023-10-23,P010,Face Moisturiser SPF50,Beauty,8,18.99,151.92
2023-10-24,P001,Wireless Earbuds Pro,Electronics,9,29.99,269.91
2023-10-24,P002,Running Shoes X200,Footwear,6,59.99,359.94
2023-10-24,P003,Organic Green Tea (50 bags),Grocery,19,8.99,170.81
2023-10-24,P004,Yoga Mat Premium,Sports,8,24.99,199.92
2023-10-24,P005,USB-C Hub 7-in-1,Electronics,9,34.99,314.91
2023-10-24,P006,Protein Powder Vanilla 1kg,Health,9,39.99,359.91
2023-10-24,P007,Smart Water Bottle,Sports,6,19.99,119.94
2023-10-24,P008,Coffee Beans Premium 250g,Grocery,30,12.99,389.7
2023-10-24,P009,Resistance Band Set,Sports,9,14.99,134.91
2023-10-24,P010,Face Moisturiser SPF50,Beauty,9,18.99,170.91
2023-10-25,P001,Wireless Earbuds Pro,Electronics,10,29.99,299.9
2023-10-25,P002,Running Shoes X200,Footwear,6,59.99,359.94
2023-10-25,P003,Organic Green Tea (50 bags),Grocery,18,8.99,161.82
2023-10-25,P004,Yoga Mat Premium,Sports,5,24.99,124.95
2023-10-25,P005,USB-C Hub 7-in-1,Electronics,4,34.99,139.96
2023-10-25,P006,Protein Powder Vanilla 1kg,Health,11,39.99,439.89
2023-10-25,P007,Smart Water Bottle,Sports,3,19.99,59.97
2023-10-25,P008,Coffee Beans Premium 250g,Grocery,35,12.99,454.65
2023-10-25,P009,Resistance Band Set,Sports,10,14.99,149.9
2023-10-25,P010,Face Moisturiser SPF50,Beauty,18,18.99,341.82
2023-10-26,P001,Wireless Earbuds Pro,Electronics,8,29.99,239.92
2023-10-26,P002,Running Shoes X200,Footwear,7,59.99,419.93
2023-10-26,P003,Organic Green Tea (50 bags),Grocery,25,8.99,224.75
2023-10-26,P004,Yoga Mat Premium,Sports,4,24.99,99.96
2023-10-26,P005,USB-C Hub 7-in-1,Electronics,6,34.99,209.94
2023-10-26,P006,Protein Powder Vanilla 1kg,Health,9,39.99,359.91
2023-10-26,P007,Smart Water Bottle,Sports,9,19.99,179.91
2023-10-26,P008,Coffee Beans Premium 250g,Grocery,20,12.99,259.8
2023-10-26,P009,Resistance Band Set,Sports,13,14.99,194.87
2023-10-26,P010,Face Moisturiser SPF50,Beauty,10,18.99,189.9
2023-10-27,P001,Wireless Earbuds Pro,Electronics,8,29.99,239.92
2023-10-27,P002,Running Shoes X200,Footwear,8,59.99,479.92
2023-10-27,P003,Organic Green Tea (50 bags),Grocery,14,8.99,125.86
2023-10-27,P004,Yoga Mat Premium,Sports,7,24.99,174.93
2023-10-27,P005,USB-C Hub 7-in-1,Electronics,3,34.99,104.97
2023-10-27,P006,Protein Powder Vanilla 1kg,Health,11,39.99,439.89
2023-10-27,P007,Smart Water Bottle,Sports,10,19.99,199.9
2023-10-27,P008,Coffee Beans Premium 250g,Grocery,26,12.99,337.74
2023-10-27,P009,Resistance Band Set,Sports,13,14.99,194.87
2023-10-27,P010,Face Moisturiser SPF50,Beauty,10,18.99,189.9
2023-10-28,P001,Wireless Earbuds Pro,Electronics,11,29.99,329.89
2023-10-28,P002,Running Shoes X200,Footwear,6,59.99,359.94
2023-10-28,P003,Organic Green Tea (50 bags),Grocery,24,8.99,215.76
2023-10-28,P004,Yoga Mat Premium,Sports,7,24.99,174.93
2023-10-28,P005,USB-C Hub 7-in-1,Electronics,6,34.99,209.94
2023-10-28,P006,Protein Powder Vanilla 1kg,Health,12,39.99,479.88
2023-10-28,P007,Smart Water Bottle,Sports,8,19.99,159.92
2023-10-28,P008,Coffee Beans Premium 250g,Grocery,37,12.99,480.63
2023-10-28,P009,Resistance Band Set,Sports,10,14.99,149.9
2023-10-28,P010,Face Moisturiser SPF50,Beauty,15,18.99,284.85
2023-10-30,P001,Wireless Earbuds Pro,Electronics,11,29.99,329.89
2023-10-30,P002,Running Shoes X200,Footwear,10,59.99,599.9
2023-10-30,P003,Organic Green Tea (50 bags),Grocery,17,8.99,152.83
2023-10-30,P004,Yoga Mat Premium,Sports,3,24.99,74.97
2023-10-30,P005,USB-C Hub 7-in-1,Electronics,7,34.99,244.93
2023-10-30,P006,Protein Powder Vanilla 1kg,Health,8,39.99,319.92
2023-10-30,P007,Smart Water Bottle,Sports,9,19.99,179.91
2023-10-30,P008,Coffee Beans Premium 250g,Grocery,22,12.99,285.78
2023-10-30,P009,Resistance Band Set,Sports,14,14.99,209.86
2023-10-30,P010,Face Moisturiser SPF50,Beauty,13,18.99,246.87
2023-10-31,P001,Wireless Earbuds Pro,Electronics,11,29.99,329.89
2023-10-31,P002,Running Shoes X200,Footwear,5,59.99,299.95
2023-10-31,P003,Organic Green Tea (50 bags),Grocery,17,8.99,152.83
2023-10-31,P004,Yoga Mat Premium,Sports,5,24.99,124.95
2023-10-31,P005,USB-C Hub 7-in-1,Electronics,9,34.99,314.91
2023-10-31,P006,Protein Powder Vanilla 1kg,Health,17,39.99,679.83
2023-10-31,P007,Smart Water Bottle,Sports,7,19.99,139.93
2023-10-31,P008,Coffee Beans Premium 250g,Grocery,28,12.99,363.72
2023-10-31,P009,Resistance Band Set,Sports,6,14.99,89.94
2023-10-31,P010,Face Moisturiser SPF50,Beauty,9,18.99,170.91
2023-11-01,P001,Wireless Earbuds Pro,Electronics,5,29.99,149.95
2023-11-01,P002,Running Shoes X200,Footwear,4,59.99,239.96
2023-11-01,P003,Organic Green Tea (50 bags),Grocery,18,8.99,161.82
2023-11-01,P004,Yoga Mat Premium,Sports,8,24.99,199.92
2023-11-01,P005,USB-C Hub 7-in-1,Electronics,8,34.99,279.92
2023-11-01,P006,Protein Powder Vanilla 1kg,Health,15,39.99,599.85
2023-11-01,P007,Smart Water Bottle,Sports,8,19.99,159.92
2023-11-01,P008,Coffee Beans Premium 250g,Grocery,25,12.99,324.75
2023-11-01,P009,Resistance Band Set,Sports,7,14.99,104.93
2023-11-01,P010,Face Moisturiser SPF50,Beauty,9,18.99,170.91
2023-11-02,P001,Wireless Earbuds Pro,Electronics,8,29.99,239.92
2023-11-02,P002,Running Shoes X200,Footwear,8,59.99,479.92
2023-11-02,P003,Organic Green Tea (50 bags),Grocery,19,8.99,170.81
2023-11-02,P004,Yoga Mat Premium,Sports,3,24.99,74.97
2023-11-02,P005,USB-C Hub 7-in-1,Electronics,9,34.99,314.91
2023-11-02,P006,Protein Powder Vanilla 1kg,Health,14,39.99,559.86
2023-11-02,P007,Smart Water Bottle,Sports,5,19.99,99.95
2023-11-02,P008,Coffee Beans Premium 250g,Grocery,17,12.99,220.83
2023-11-02,P009,Resistance Band Set,Sports,7,14.99,104.93
2023-11-02,P010,Face Moisturiser SPF50,Beauty,13,18.99,246.87
2023-11-03,P001,Wireless Earbuds Pro,Electronics,13,29.99,389.87
2023-11-03,P002,Running Shoes X200,Footwear,1,59.99,59.99
2023-11-03,P003,Organic Green Tea (50 bags),Grocery,16,8.99,143.84
2023-11-03,P004,Yoga Mat Premium,Sports,8,24.99,199.92
2023-11-03,P005,USB-C Hub 7-in-1,Electronics,7,34.99,244.93
2023-11-03,P006,Protein Powder Vanilla 1kg,Health,4,39.99,159.96
2023-11-03,P007,Smart Water Bottle,Sports,1,19.99,19.99
2023-11-03,P008,Coffee Beans Premium 250g,Grocery,16,12.99,207.84
2023-11-03,P009,Resistance Band Set,Sports,11,14.99,164.89
2023-11-03,P010,Face Moisturiser SPF50,Beauty,12,18.99,227.88
2023-11-04,P001,Wireless Earbuds Pro,Electronics,8,29.99,239.92
2023-11-04,P002,Running Shoes X200,Footwear,6,59.99,359.94
2023-11-04,P003,Organic Green Tea (50 bags),Grocery,29,8.99,260.71
2023-11-04,P004,Yoga Mat Premium,Sports,4,24.99,99.96
2023-11-04,P005,USB-C Hub 7-in-1,Electronics,6,34.99,209.94
2023-11-04,P006,Protein Powder Vanilla 1kg,Health,15,39.99,599.85
2023-11-04,P007,Smart Water Bottle,Sports,12,19.99,239.88
2023-11-04,P008,Coffee Beans Premium 250g,Grocery,29,12.99,376.71
2023-11-04,P009,Resistance Band Set,Sports,11,14.99,164.89
2023-11-04,P010,Face Moisturiser SPF50,Beauty,15,18.99,284.85
2023-11-06,P001,Wireless Earbuds Pro,Electronics,5,29.99,149.95
2023-11-06,P002,Running Shoes X200,Footwear,10,59.99,599.9
2023-11-06,P003,Organic Green Tea (50 bags),Grocery,13,8.99,116.87
2023-11-06,P004,Yoga Mat Premium,Sports,4,24.99,99.96
2023-11-06,P005,USB-C Hub 7-in-1,Electronics,5,34.99,174.95
2023-11-06,P006,Protein Powder Vanilla 1kg,Health,13,39.99,519.87
2023-11-06,P007,Smart Water Bottle,Sports,12,19.99,239.88
2023-11-06,P008,Coffee Beans Premium 250g,Grocery,16,12.99,207.84
2023-11-06,P009,Resistance Band Set,Sports,6,14.99,89.94
2023-11-06,P010,Face Moisturiser SPF50,Beauty,9,18.99,170.91
2023-11-07,P001,Wireless Earbuds Pro,Electronics,7,29.99,209.93
2023-11-07,P002,Running Shoes X200,Footwear,5,59.99,299.95
2023-11-07,P003,Organic Green Tea (50 bags),Grocery,27,8.99,242.73
2023-11-07,P004,Yoga Mat Premium,Sports,9,24.99,224.91
2023-11-07,P005,USB-C Hub 7-in-1,Electronics,4,34.99,139.96
2023-11-07,P006,Protein Powder Vanilla 1kg,Health,9,39.99,359.91
2023-11-07,P007,Smart Water Bottle,Sports,4,19.99,79.96
2023-11-07,P008,Coffee Beans Premium 250g,Grocery,28,12.99,363.72
2023-11-07,P009,Resistance Band Set,Sports,4,14.99,59.96
2023-11-07,P010,Face Moisturiser SPF50,Beauty,14,18.99,265.86
2023-11-08,P001,Wireless Earbuds Pro,Electronics,13,29.99,389.87
2023-11-08,P002,Running Shoes X200,Footwear,6,59.99,359.94
2023-11-08,P003,Organic Green Tea (50 bags),Grocery,16,8.99,143.84
2023-11-08,P004,Yoga Mat Premium,Sports,3,24.99,74.97
2023-11-08,P005,USB-C Hub 7-in-1,Electronics,7,34.99,244.93
2023-11-08,P006,Protein Powder Vanilla 1kg,Health,12,39.99,479.88
2023-11-08,P007,Smart Water Bottle,Sports,6,19.99,119.94
2023-11-08,P008,Coffee Beans Premium 250g,Grocery,20,12.99,259.8
2023-11-08,P009,Resistance Band Set,Sports,13,14.99,194.87
2023-11-08,P010,Face Moisturiser SPF50,Beauty,12,18.99,227.88
2023-11-09,P001,Wireless Earbuds Pro,Electronics,8,29.99,239.92
2023-11-09,P002,Running Shoes X200,Footwear,9,59.99,539.91
2023-11-09,P003,Organic Green Tea (50 bags),Grocery,20,8.99,179.8
2023-11-09,P004,Yoga Mat Premium,Sports,5,24.99,124.95
2023-11-09,P005,USB-C Hub 7-in-1,Electronics,11,34.99,384.89
2023-11-09,P006,Protein Powder Vanilla 1kg,Health,7,39.99,279.93
2023-11-09,P007,Smart Water Bottle,Sports,12,19.99,239.88
2023-11-09,P008,Coffee Beans Premium 250g,Grocery,35,12.99,454.65
2023-11-09,P009,Resistance Band Set,Sports,7,14.99,104.93
2023-11-09,P010,Face Moisturiser SPF50,Beauty,8,18.99,151.92
2023-11-10,P001,Wireless Earbuds Pro,Electronics,10,29.99,299.9
2023-11-10,P002,Running Shoes X200,Footwear,8,59.99,479.92
2023-11-10,P003,Organic Green Tea (50 bags),Grocery,24,8.99,215.76
2023-11-10,P004,Yoga Mat Premium,Sports,3,24.99,74.97
2023-11-10,P005,USB-C Hub 7-in-1,Electronics,10,34.99,349.9
2023-11-10,P006,Protein Powder Vanilla 1kg,Health,10,39.99,399.9
2023-11-10,P007,Smart Water Bottle,Sports,7,19.99,139.93
2023-11-10,P008,Coffee Beans Premium 250g,Grocery,16,12.99,207.84
2023-11-10,P009,Resistance Band Set,Sports,10,14.99,149.9
2023-11-10,P010,Face Moisturiser SPF50,Beauty,8,18.99,151.92
2023-11-11,P001,Wireless Earbuds Pro,Electronics,12,29.99,359.88
2023-11-11,P002,Running Shoes X200,Footwear,4,59.99,239.96
2023-11-11,P003,Organic Green Tea (50 bags),Grocery,23,8.99,206.77
2023-11-11,P004,Yoga Mat Premium,Sports,8,24.99,199.92
2023-11-11,P005,USB-C Hub 7-in-1,Electronics,8,34.99,279.92
2023-11-11,P006,Protein Powder Vanilla 1kg,Health,15,39.99,599.85
2023-11-11,P007,Smart Water Bottle,Sports,11,19.99,219.89
2023-11-11,P008,Coffee Beans Premium 250g,Grocery,41,12.99,532.59
2023-11-11,P009,Resistance Band Set,Sports,9,14.99,134.91
2023-11-11,P010,Face Moisturiser SPF50,Beauty,18,18.99,341.82
2023-11-13,P001,Wireless Earbuds Pro,Electronics,7,29.99,209.93
2023-11-13,P002,Running Shoes X200,Footwear,10,59.99,599.9
2023-11-13,P003,Organic Green Tea (50 bags),Grocery,21,8.99,188.79
2023-11-13,P004,Yoga Mat Premium,Sports,2,24.99,49.98
2023-11-13,P005,USB-C Hub 7-in-1,Electronics,7,34.99,244.93
2023-11-13,P006,Protein Powder Vanilla 1kg,Health,6,39.99,239.94
2023-11-13,P007,Smart Water Bottle,Sports,7,19.99,139.93
2023-11-13,P008,Coffee Beans Premium 250g,Grocery,15,12.99,194.85
2023-11-13,P009,Resistance Band Set,Sports,7,14.99,104.93
2023-11-13,P010,Face Moisturiser SPF50,Beauty,14,18.99,265.86
2023-11-14,P001,Wireless Earbuds Pro,Electronics,10,29.99,299.9
2023-11-14,P002,Running Shoes X200,Footwear,4,59.99,239.96
2023-11-14,P003,Organic Green Tea (50 bags),Grocery,27,8.99,242.73
2023-11-14,P004,Yoga Mat Premium,Sports,6,24.99,149.94
2023-11-14,P005,USB-C Hub 7-in-1,Electronics,7,34.99,244.93
2023-11-14,P006,Protein Powder Vanilla 1kg,Health,11,39.99,439.89
2023-11-14,P007,Smart Water Bottle,Sports,9,19.99,179.91
2023-11-14,P008,Coffee Beans Premium 250g,Grocery,19,12.99,246.81
2023-11-14,P009,Resistance Band Set,Sports,10,14.99,149.9
2023-11-14,P010,Face Moisturiser SPF50,Beauty,6,18.99,113.94
2023-11-15,P001,Wireless Earbuds Pro,Electronics,11,29.99,329.89
2023-11-15,P002,Running Shoes X200,Footwear,6,59.99,359.94
2023-11-15,P003,Organic Green Tea (50 bags),Grocery,21,8.99,188.79
2023-11-15,P004,Yoga Mat Premium,Sports,3,24.99,74.97
2023-11-15,P005,USB-C Hub 7-in-1,Electronics,9,34.99,314.91
2023-11-15,P006,Protein Powder Vanilla 1kg,Health,11,39.99,439.89
2023-11-15,P007,Smart Water Bottle,Sports,4,19.99,79.96
2023-11-15,P008,Coffee Beans Premium 250g,Grocery,28,12.99,363.72
2023-11-15,P009,Resistance Band Set,Sports,8,14.99,119.92
2023-11-15,P010,Face Moisturiser SPF50,Beauty,13,18.99,246.87
2023-11-16,P001,Wireless Earbuds Pro,Electronics,15,29.99,449.85
2023-11-16,P002,Running Shoes X200,Footwear,6,59.99,359.94
2023-11-16,P003,Organic Green Tea (50 bags),Grocery,18,8.99,161.82
2023-11-16,P004,Yoga Mat Premium,Sports,2,24.99,49.98
2023-11-16,P005,USB-C Hub 7-in-1,Electronics,8,34.99,279.92
2023-11-16,P006,Protein Powder Vanilla 1kg,Health,6,39.99,239.94
2023-11-16,P007,Smart Water Bottle,Sports,10,19.99,199.9
2023-11-16,P008,Coffee Beans Premium 250g,Grocery,24,12.99,311.76
2023-11-16,P009,Resistance Band Set,Sports,9,14.99,134.91
2023-11-16,P010,Face Moisturiser SPF50,Beauty,9,18.99,170.91
2023-11-17,P001,Wireless Earbuds Pro,Electronics,5,29.99,149.95
2023-11-17,P002,Running Shoes X200,Footwear,7,59.99,419.93
2023-11-17,P003,Organic Green Tea (50 bags),Grocery,15,8.99,134.85
2023-11-17,P004,Yoga Mat Premium,Sports,5,24.99,124.95
2023-11-17,P005,USB-C Hub 7-in-1,Electronics,6,34.99,209.94
2023-11-17,P006,Protein Powder Vanilla 1kg,Health,8,39.99,319.92
2023-11-17,P007,Smart Water Bottle,Sports,4,19.99,79.96
2023-11-17,P008,Coffee Beans Premium 250g,Grocery,18,12.99,233.82
2023-11-17,P009,Resistance Band Set,Sports,8,14.99,119.92
2023-11-17,P010,Face Moisturiser SPF50,Beauty,7,18.99,132.93
2023-11-18,P001,Wireless Earbuds Pro,Electronics,8,29.99,239.92
2023-11-18,P002,Running Shoes X200,Footwear,10,59.99,599.9
2023-11-18,P003,Organic Green Tea (50 bags),Grocery,26,8.99,233.74
2023-11-18,P005,USB-C Hub 7-in-1,Electronics,6,34.99,209.94
2023-11-18,P006,Protein Powder Vanilla 1kg,Health,16,39.99,639.84
2023-11-18,P007,Smart Water Bottle,Sports,6,19.99,119.94
2023-11-18,P008,Coffee Beans Premium 250g,Grocery,25,12.99,324.75
2023-11-18,P009,Resistance Band Set,Sports,12,14.99,179.88
2023-11-18,P010,Face Moisturiser SPF50,Beauty,15,18.99,284.85
2023-11-20,P001,Wireless Earbuds Pro,Electronics,13,29.99,389.87
2023-11-20,P002,Running Shoes X200,Footwear,5,59.99,299.95
2023-11-20,P003,Organic Green Tea (50 bags),Grocery,12,8.99,107.88
2023-11-20,P004,Yoga Mat Premium,Sports,2,24.99,49.98
2023-11-20,P005,USB-C Hub 7-in-1,Electronics,9,34.99,314.91
2023-11-20,P006,Protein Powder Vanilla 1kg,Health,13,39.99,519.87
2023-11-20,P007,Smart Water Bottle,Sports,2,19.99,39.98
2023-11-20,P008,Coffee Beans Premium 250g,Grocery,25,12.99,324.75
2023-11-20,P009,Resistance Band Set,Sports,13,14.99,194.87
2023-11-20,P010,Face Moisturiser SPF50,Beauty,8,18.99,151.92
2023-11-21,P001,Wireless Earbuds Pro,Electronics,9,29.99,269.91
2023-11-21,P002,Running Shoes X200,Footwear,7,59.99,419.93
2023-11-21,P003,Organic Green Tea (50 bags),Grocery,10,8.99,89.9
2023-11-21,P004,Yoga Mat Premium,Sports,7,24.99,174.93
2023-11-21,P005,USB-C Hub 7-in-1,Electronics,9,34.99,314.91
2023-11-21,P006,Protein Powder Vanilla 1kg,Health,9,39.99,359.91
2023-11-21,P007,Smart Water Bottle,Sports,3,19.99,59.97
2023-11-21,P008,Coffee Beans Premium 250g,Grocery,23,12.99,298.77
2023-11-21,P009,Resistance Band Set,Sports,9,14.99,134.91
2023-11-21,P010,Face Moisturiser SPF50,Beauty,5,18.99,94.95
2023-11-22,P001,Wireless Earbuds Pro,Electronics,10,29.99,299.9
2023-11-22,P002,Running Shoes X200,Footwear,7,59.99,419.93
2023-11-22,P003,Organic Green Tea (50 bags),Grocery,22,8.99,197.78
2023-11-22,P004,Yoga Mat Premium,Sports,6,24.99,149.94
2023-11-22,P005,USB-C Hub 7-in-1,Electronics,9,34.99,314.91
2023-11-22,P006,Protein Powder Vanilla 1kg,Health,7,39.99,279.93
2023-11-22,P007,Smart Water Bottle,Sports,4,19.99,79.96
2023-11-22,P008,Coffee Beans Premium 250g,Grocery,26,12.99,337.74
2023-11-22,P009,Resistance Band Set,Sports,10,14.99,149.9
2023-11-22,P010,Face Moisturiser SPF50,Beauty,7,18.99,132.93
2023-11-23,P001,Wireless Earbuds Pro,Electronics,11,29.99,329.89
2023-11-23,P002,Running Shoes X200,Footwear,5,59.99,299.95
2023-11-23,P003,Organic Green Tea (50 bags),Grocery,14,8.99,125.86
2023-11-23,P004,Yoga Mat Premium,Sports,6,24.99,149.94
2023-11-23,P005,USB-C Hub 7-in-1,Electronics,11,34.99,384.89
2023-11-23,P006,Protein Powder Vanilla 1kg,Health,10,39.99,399.9
2023-11-23,P007,Smart Water Bottle,Sports,8,19.99,159.92
2023-11-23,P008,Coffee Beans Premium 250g,Grocery,23,12.99,298.77
2023-11-23,P009,Resistance Band Set,Sports,6,14.99,89.94
2023-11-23,P010,Face Moisturiser SPF50,Beauty,18,18.99,341.82
2023-11-24,P001,Wireless Earbuds Pro,Electronics,9,29.99,269.91
2023-11-24,P002,Running Shoes X200,Footwear,7,59.99,419.93
2023-11-24,P003,Organic Green Tea (50 bags),Grocery,10,8.99,89.9
2023-11-24,P004,Yoga Mat Premium,Sports,5,24.99,124.95
2023-11-24,P005,USB-C Hub 7-in-1,Electronics,6,34.99,209.94
2023-11-24,P006,Protein Powder Vanilla 1kg,Health,10,39.99,399.9
2023-11-24,P007,Smart Water Bottle,Sports,7,19.99,139.93
2023-11-24,P008,Coffee Beans Premium 250g,Grocery,18,12.99,233.82
2023-11-24,P009,Resistance Band Set,Sports,9,14.99,134.91
2023-11-24,P010,Face Moisturiser SPF50,Beauty,8,18.99,151.92
2023-11-25,P001,Wireless Earbuds Pro,Electronics,16,29.99,479.84
2023-11-25,P002,Running Shoes X200,Footwear,9,59.99,539.91
2023-11-25,P003,Organic Green Tea (50 bags),Grocery,25,8.99,224.75
2023-11-25,P004,Yoga Mat Premium,Sports,7,24.99,174.93
2023-11-25,P005,USB-C Hub 7-in-1,Electronics,11,34.99,384.89
2023-11-25,P006,Protein Powder Vanilla 1kg,Health,13,39.99,519.87
2023-11-25,P007,Smart Water Bottle,Sports,11,19.99,219.89
2023-11-25,P008,Coffee Beans Premium 250g,Grocery,37,12.99,480.63
2023-11-25,P009,Resistance Band Set,Sports,15,14.99,224.85
2023-11-25,P010,Face Moisturiser SPF50,Beauty,14,18.99,265.86
2023-11-27,P001,Wireless Earbuds Pro,Electronics,12,29.99,359.88
2023-11-27,P002,Running Shoes X200,Footwear,7,59.99,419.93
2023-11-27,P003,Organic Green Tea (50 bags),Grocery,23,8.99,206.77
2023-11-27,P004,Yoga Mat Premium,Sports,6,24.99,149.94
2023-11-27,P005,USB-C Hub 7-in-1,Electronics,4,34.99,139.96
2023-11-27,P006,Protein Powder Vanilla 1kg,Health,14,39.99,559.86
2023-11-27,P007,Smart Water Bottle,Sports,6,19.99,119.94
2023-11-27,P008,Coffee Beans Premium 250g,Grocery,24,12.99,311.76
2023-11-27,P009,Resistance Band Set,Sports,7,14.99,104.93
2023-11-27,P010,Face Moisturiser SPF50,Beauty,14,18.99,265.86
2023-11-28,P001,Wireless Earbuds Pro,Electronics,9,29.99,269.91
2023-11-28,P002,Running Shoes X200,Footwear,3,59.99,179.97
2023-11-28,P003,Organic Green Tea (50 bags),Grocery,14,8.99,125.86
2023-11-28,P004,Yoga Mat Premium,Sports,2,24.99,49.98
2023-11-28,P005,USB-C Hub 7-in-1,Electronics,6,34.99,209.94
2023-11-28,P006,Protein Powder Vanilla 1kg,Health,17,39.99,679.83
2023-11-28,P007,Smart Water Bottle,Sports,6,19.99,119.94
2023-11-28,P008,Coffee Beans Premium 250g,Grocery,21,12.99,272.79
2023-11-28,P009,Resistance Band Set,Sports,12,14.99,179.88
2023-11-28,P010,Face Moisturiser SPF50,Beauty,11,18.99,208.89
2023-11-29,P001,Wireless Earbuds Pro,Electronics,4,29.99,119.96
2023-11-29,P002,Running Shoes X200,Footwear,4,59.99,239.96
2023-11-29,P003,Organic Green Tea (50 bags),Grocery,18,8.99,161.82
2023-11-29,P004,Yoga Mat Premium,Sports,3,24.99,74.97
2023-11-29,P005,USB-C Hub 7-in-1,Electronics,15,34.99,524.85
2023-11-29,P006,Protein Powder Vanilla 1kg,Health,9,39.99,359.91
2023-11-29,P007,Smart Water Bottle,Sports,9,19.99,179.91
2023-11-29,P008,Coffee Beans Premium 250g,Grocery,30,12.99,389.7
2023-11-29,P009,Resistance Band Set,Sports,12,14.99,179.88
2023-11-29,P010,Face Moisturiser SPF50,Beauty,13,18.99,246.87
2023-11-30,P001,Wireless Earbuds Pro,Electronics,5,29.99,149.95
2023-11-30,P002,Running Shoes X200,Footwear,5,59.99,299.95
2023-11-30,P003,Organic Green Tea (50 bags),Grocery,10,8.99,89.9
2023-11-30,P004,Yoga Mat Premium,Sports,3,24.99,74.97
2023-11-30,P005,USB-C Hub 7-in-1,Electronics,9,34.99,314.91
2023-11-30,P006,Protein Powder Vanilla 1kg,Health,11,39.99,439.89
2023-11-30,P007,Smart Water Bottle,Sports,6,19.99,119.94
2023-11-30,P008,Coffee Beans Premium 250g,Grocery,13,12.99,168.87
2023-11-30,P009,Resistance Band Set,Sports,3,14.99,44.97
2023-11-30,P010,Face Moisturiser SPF50,Beauty,13,18.99,246.87
2023-12-01,P001,Wireless Earbuds Pro,Electronics,7,29.99,209.93
2023-12-01,P002,Running Shoes X200,Footwear,5,59.99,299.95
2023-12-01,P003,Organic Green Tea (50 bags),Grocery,28,8.99,251.72
2023-12-01,P004,Yoga Mat Premium,Sports,3,24.99,74.97
2023-12-01,P005,USB-C Hub 7-in-1,Electronics,2,34.99,69.98
2023-12-01,P006,Protein Powder Vanilla 1kg,Health,5,39.99,199.95
2023-12-01,P007,Smart Water Bottle,Sports,6,19.99,119.94
2023-12-01,P008,Coffee Beans Premium 250g,Grocery,20,12.99,259.8
2023-12-01,P009,Resistance Band Set,Sports,11,14.99,164.89
2023-12-01,P010,Face Moisturiser SPF50,Beauty,8,18.99,151.92
2023-12-02,P001,Wireless Earbuds Pro,Electronics,6,29.99,179.94
2023-12-02,P002,Running Shoes X200,Footwear,10,59.99,599.9
2023-12-02,P003,Organic Green Tea (50 bags),Grocery,25,8.99,224.75
2023-12-02,P004,Yoga Mat Premium,Sports,5,24.99,124.95
2023-12-02,P005,USB-C Hub 7-in-1,Electronics,13,34.99,454.87
2023-12-02,P006,Protein Powder Vanilla 1kg,Health,14,39.99,559.86
2023-12-02,P007,Smart Water Bottle,Sports,12,19.99,239.88
2023-12-02,P008,Coffee Beans Premium 250g,Grocery,17,12.99,220.83
2023-12-02,P009,Resistance Band Set,Sports,14,14.99,209.86
2023-12-02,P010,Face Moisturiser SPF50,Beauty,10,18.99,189.9
2023-12-04,P001,Wireless Earbuds Pro,Electronics,9,29.99,269.91
2023-12-04,P002,Running Shoes X200,Footwear,6,59.99,359.94
2023-12-04,P003,Organic Green Tea (50 bags),Grocery,15,8.99,134.85
2023-12-04,P004,Yoga Mat Premium,Sports,2,24.99,49.98
2023-12-04,P005,USB-C Hub 7-in-1,Electronics,10,34.99,349.9
2023-12-04,P006,Protein Powder Vanilla 1kg,Health,9,39.99,359.91
2023-12-04,P007,Smart Water Bottle,Sports,8,19.99,159.92
2023-12-04,P008,Coffee Beans Premium 250g,Grocery,24,12.99,311.76
2023-12-04,P009,Resistance Band Set,Sports,9,14.99,134.91
2023-12-04,P010,Face Moisturiser SPF50,Beauty,9,18.99,170.91
2023-12-05,P001,Wireless Earbuds Pro,Electronics,13,29.99,389.87
2023-12-05,P002,Running Shoes X200,Footwear,5,59.99,299.95
2023-12-05,P003,Organic Green Tea (50 bags),Grocery,14,8.99,125.86
2023-12-05,P004,Yoga Mat Premium,Sports,7,24.99,174.93
2023-12-05,P005,USB-C Hub 7-in-1,Electronics,8,34.99,279.92
2023-12-05,P006,Protein Powder Vanilla 1kg,Health,9,39.99,359.91
2023-12-05,P007,Smart Water Bottle,Sports,6,19.99,119.94
2023-12-05,P008,Coffee Beans Premium 250g,Grocery,23,12.99,298.77
2023-12-05,P009,Resistance Band Set,Sports,8,14.99,119.92
2023-12-05,P010,Face Moisturiser SPF50,Beauty,8,18.99,151.92
2023-12-06,P001,Wireless Earbuds Pro,Electronics,10,29.99,299.9
2023-12-06,P002,Running Shoes X200,Footwear,6,59.99,359.94
2023-12-06,P003,Organic Green Tea (50 bags),Grocery,22,8.99,197.78
2023-12-06,P004,Yoga Mat Premium,Sports,4,24.99,99.96
2023-12-06,P005,USB-C Hub 7-in-1,Electronics,5,34.99,174.95
2023-12-06,P006,Protein Powder Vanilla 1kg,Health,4,39.99,159.96
2023-12-06,P007,Smart Water Bottle,Sports,3,19.99,59.97
2023-12-06,P008,Coffee Beans Premium 250g,Grocery,21,12.99,272.79
2023-12-06,P009,Resistance Band Set,Sports,7,14.99,104.93
2023-12-06,P010,Face Moisturiser SPF50,Beauty,2,18.99,37.98
2023-12-07,P001,Wireless Earbuds Pro,Electronics,15,29.99,449.85
2023-12-07,P002,Running Shoes X200,Footwear,6,59.99,359.94
2023-12-07,P003,Organic Green Tea (50 bags),Grocery,18,8.99,161.82
2023-12-07,P004,Yoga Mat Premium,Sports,8,24.99,199.92
2023-12-07,P005,USB-C Hub 7-in-1,Electronics,6,34.99,209.94
2023-12-07,P006,Protein Powder Vanilla 1kg,Health,8,39.99,319.92
2023-12-07,P007,Smart Water Bottle,Sports,9,19.99,179.91
2023-12-07,P008,Coffee Beans Premium 250g,Grocery,20,12.99,259.8
2023-12-07,P009,Resistance Band Set,Sports,6,14.99,89.94
2023-12-07,P010,Face Moisturiser SPF50,Beauty,12,18.99,227.88
2023-12-08,P001,Wireless Earbuds Pro,Electronics,13,29.99,389.87
2023-12-08,P002,Running Shoes X200,Footwear,5,59.99,299.95
2023-12-08,P003,Organic Green Tea (50 bags),Grocery,19,8.99,170.81
2023-12-08,P004,Yoga Mat Premium,Sports,6,24.99,149.94
2023-12-08,P005,USB-C Hub 7-in-1,Electronics,7,34.99,244.93
2023-12-08,P006,Protein Powder Vanilla 1kg,Health,15,39.99,599.85
2023-12-08,P007,Smart Water Bottle,Sports,8,19.99,159.92
2023-12-08,P008,Coffee Beans Premium 250g,Grocery,22,12.99,285.78
2023-12-08,P009,Resistance Band Set,Sports,9,14.99,134.91
2023-12-08,P010,Face Moisturiser SPF50,Beauty,11,18.99,208.89
2023-12-09,P001,Wireless Earbuds Pro,Electronics,16,29.99,479.84
2023-12-09,P002,Running Shoes X200,Footwear,8,59.99,479.92
2023-12-09,P003,Organic Green Tea (50 bags),Grocery,25,8.99,224.75
2023-12-09,P004,Yoga Mat Premium,Sports,6,24.99,149.94
2023-12-09,P005,USB-C Hub 7-in-1,Electronics,12,34.99,419.88
2023-12-09,P006,Protein Powder Vanilla 1kg,Health,10,39.99,399.9
2023-12-09,P007,Smart Water Bottle,Sports,5,19.99,99.95
2023-12-09,P008,Coffee Beans Premium 250g,Grocery,25,12.99,324.75
2023-12-09,P009,Resistance Band Set,Sports,10,14.99,149.9
2023-12-09,P010,Face Moisturiser SPF50,Beauty,19,18.99,360.81
2023-12-11,P001,Wireless Earbuds Pro,Electronics,6,29.99,179.94
2023-12-11,P002,Running Shoes X200,Footwear,3,59.99,179.97
2023-12-11,P003,Organic Green Tea (50 bags),Grocery,17,8.99,152.83
2023-12-11,P004,Yoga Mat Premium,Sports,5,24.99,124.95
2023-12-11,P005,USB-C Hub 7-in-1,Electronics,4,34.99,139.96
2023-12-11,P006,Protein Powder Vanilla 1kg,Health,9,39.99,359.91
2023-12-11,P007,Smart Water Bottle,Sports,7,19.99,139.93
2023-12-11,P008,Coffee Beans Premium 250g,Grocery,16,12.99,207.84
2023-12-11,P009,Resistance Band Set,Sports,17,14.99,254.83
2023-12-11,P010,Face Moisturiser SPF50,Beauty,8,18.99,151.92
2023-12-12,P001,Wireless Earbuds Pro,Electronics,9,29.99,269.91
2023-12-12,P002,Running Shoes X200,Footwear,8,59.99,479.92
2023-12-12,P003,Organic Green Tea (50 bags),Grocery,12,8.99,107.88
2023-12-12,P004,Yoga Mat Premium,Sports,9,24.99,224.91
2023-12-12,P005,USB-C Hub 7-in-1,Electronics,7,34.99,244.93
2023-12-12,P006,Protein Powder Vanilla 1kg,Health,14,39.99,559.86
2023-12-12,P007,Smart Water Bottle,Sports,5,19.99,99.95
2023-12-12,P008,Coffee Beans Premium 250g,Grocery,33,12.99,428.67
2023-12-12,P009,Resistance Band Set,Sports,9,14.99,134.91
2023-12-12,P010,Face Moisturiser SPF50,Beauty,14,18.99,265.86
2023-12-13,P001,Wireless Earbuds Pro,Electronics,8,29.99,239.92
2023-12-13,P002,Running Shoes X200,Footwear,7,59.99,419.93
2023-12-13,P003,Organic Green Tea (50 bags),Grocery,23,8.99,206.77
2023-12-13,P004,Yoga Mat Premium,Sports,5,24.99,124.95
2023-12-13,P005,USB-C Hub 7-in-1,Electronics,7,34.99,244.93
2023-12-13,P006,Protein Powder Vanilla 1kg,Health,8,39.99,319.92
2023-12-13,P007,Smart Water Bottle,Sports,5,19.99,99.95
2023-12-13,P008,Coffee Beans Premium 250g,Grocery,28,12.99,363.72
2023-12-13,P009,Resistance Band Set,Sports,3,14.99,44.97
2023-12-13,P010,Face Moisturiser SPF50,Beauty,10,18.99,189.9
2023-12-14,P001,Wireless Earbuds Pro,Electronics,14,29.99,419.86
2023-12-14,P002,Running Shoes X200,Footwear,5,59.99,299.95
2023-12-14,P003,Organic Green Tea (50 bags),Grocery,22,8.99,197.78
2023-12-14,P004,Yoga Mat Premium,Sports,9,24.99,224.91
2023-12-14,P005,USB-C Hub 7-in-1,Electronics,5,34.99,174.95
2023-12-14,P006,Protein Powder Vanilla 1kg,Health,10,39.99,399.9
2023-12-14,P007,Smart Water Bottle,Sports,3,19.99,59.97
2023-12-14,P008,Coffee Beans Premium 250g,Grocery,20,12.99,259.8
2023-12-14,P009,Resistance Band Set,Sports,7,14.99,104.93
2023-12-14,P010,Face Moisturiser SPF50,Beauty,12,18.99,227.88
2023-12-15,P001,Wireless Earbuds Pro,Electronics,5,29.99,149.95
2023-12-15,P002,Running Shoes X200,Footwear,10,59.99,599.9
2023-12-15,P003,Organic Green Tea (50 bags),Grocery,14,8.99,125.86
2023-12-15,P004,Yoga Mat Premium,Sports,4,24.99,99.96
2023-12-15,P005,USB-C Hub 7-in-1,Electronics,6,34.99,209.94
2023-12-15,P006,Protein Powder Vanilla 1kg,Health,16,39.99,639.84
2023-12-15,P007,Smart Water Bottle,Sports,8,19.99,159.92
2023-12-15,P008,Coffee Beans Premium 250g,Grocery,24,12.99,311.76
2023-12-15,P009,Resistance Band Set,Sports,10,14.99,149.9
2023-12-15,P010,Face Moisturiser SPF50,Beauty,10,18.99,189.9
2023-12-16,P001,Wireless Earbuds Pro,Electronics,7,29.99,209.93
2023-12-16,P002,Running Shoes X200,Footwear,7,59.99,419.93
2023-12-16,P003,Organic Green Tea (50 bags),Grocery,34,8.99,305.66
2023-12-16,P004,Yoga Mat Premium,Sports,5,24.99,124.95
2023-12-16,P005,USB-C Hub 7-in-1,Electronics,11,34.99,384.89
2023-12-16,P006,Protein Powder Vanilla 1kg,Health,20,39.99,799.8
2023-12-16,P007,Smart Water Bottle,Sports,8,19.99,159.92
2023-12-16,P008,Coffee Beans Premium 250g,Grocery,30,12.99,389.7
2023-12-16,P009,Resistance Band Set,Sports,2,14.99,29.98
2023-12-16,P010,Face Moisturiser SPF50,Beauty,18,18.99,341.82
2023-12-18,P001,Wireless Earbuds Pro,Electronics,10,29.99,299.9
2023-12-18,P002,Running Shoes X200,Footwear,3,59.99,179.97
2023-12-18,P003,Organic Green Tea (50 bags),Grocery,26,8.99,233.74
2023-12-18,P004,Yoga Mat Premium,Sports,9,24.99,224.91
2023-12-18,P005,USB-C Hub 7-in-1,Electronics,6,34.99,209.94
2023-12-18,P006,Protein Powder Vanilla 1kg,Health,14,39.99,559.86
2023-12-18,P007,Smart Water Bottle,Sports,11,19.99,219.89
2023-12-18,P008,Coffee Beans Premium 250g,Grocery,16,12.99,207.84
2023-12-18,P009,Resistance Band Set,Sports,5,14.99,74.95
2023-12-18,P010,Face Moisturiser SPF50,Beauty,6,18.99,113.94
2023-12-19,P001,Wireless Earbuds Pro,Electronics,10,29.99,299.9
2023-12-19,P002,Running Shoes X200,Footwear,9,59.99,539.91
2023-12-19,P003,Organic Green Tea (50 bags),Grocery,26,8.99,233.74
2023-12-19,P004,Yoga Mat Premium,Sports,4,24.99,99.96
2023-12-19,P005,USB-C Hub 7-in-1,Electronics,8,34.99,279.92
2023-12-19,P006,Protein Powder Vanilla 1kg,Health,6,39.99,239.94
2023-12-19,P007,Smart Water Bottle,Sports,8,19.99,159.92
2023-12-19,P008,Coffee Beans Premium 250g,Grocery,25,12.99,324.75
2023-12-19,P009,Resistance Band Set,Sports,5,14.99,74.95
2023-12-19,P010,Face Moisturiser SPF50,Beauty,12,18.99,227.88
2023-12-20,P001,Wireless Earbuds Pro,Electronics,17,29.99,509.83
2023-12-20,P002,Running Shoes X200,Footwear,6,59.99,359.94
2023-12-20,P003,Organic Green Tea (50 bags),Grocery,13,8.99,116.87
2023-12-20,P004,Yoga Mat Premium,Sports,5,24.99,124.95
2023-12-20,P005,USB-C Hub 7-in-1,Electronics,6,34.99,209.94
2023-12-20,P006,Protein Powder Vanilla 1kg,Health,13,39.99,519.87
2023-12-20,P007,Smart Water Bottle,Sports,11,19.99,219.89
2023-12-20,P008,Coffee Beans Premium 250g,Grocery,28,12.99,363.72
2023-12-20,P009,Resistance Band Set,Sports,7,14.99,104.93
2023-12-20,P010,Face Moisturiser SPF50,Beauty,12,18.99,227.88
2023-12-21,P001,Wireless Earbuds Pro,Electronics,8,29.99,239.92
2023-12-21,P002,Running Shoes X200,Footwear,6,59.99,359.94
2023-12-21,P003,Organic Green Tea (50 bags),Grocery,22,8.99,197.78
2023-12-21,P004,Yoga Mat Premium,Sports,7,24.99,174.93
2023-12-21,P005,USB-C Hub 7-in-1,Electronics,9,34.99,314.91
2023-12-21,P006,Protein Powder Vanilla 1kg,Health,16,39.99,639.84
2023-12-21,P007,Smart Water Bottle,Sports,3,19.99,59.97
2023-12-21,P008,Coffee Beans Premium 250g,Grocery,23,12.99,298.77
2023-12-21,P009,Resistance Band Set,Sports,7,14.99,104.93
2023-12-21,P010,Face Moisturiser SPF50,Beauty,9,18.99,170.91
2023-12-22,P001,Wireless Earbuds Pro,Electronics,7,29.99,209.93
2023-12-22,P002,Running Shoes X200,Footwear,5,59.99,299.95
2023-12-22,P003,Organic Green Tea (50 bags),Grocery,19,8.99,170.81
2023-12-22,P004,Yoga Mat Premium,Sports,1,24.99,24.99
2023-12-22,P005,USB-C Hub 7-in-1,Electronics,13,34.99,454.87
2023-12-22,P006,Protein Powder Vanilla 1kg,Health,9,39.99,359.91
2023-12-22,P007,Smart Water Bottle,Sports,3,19.99,59.97
2023-12-22,P008,Coffee Beans Premium 250g,Grocery,19,12.99,246.81
2023-12-22,P009,Resistance Band Set,Sports,7,14.99,104.93
2023-12-22,P010,Face Moisturiser SPF50,Beauty,6,18.99,113.94
2023-12-23,P001,Wireless Earbuds Pro,Electronics,9,29.99,269.91
2023-12-23,P002,Running Shoes X200,Footwear,12,59.99,719.88
2023-12-23,P003,Organic Green Tea (50 bags),Grocery,29,8.99,260.71
2023-12-23,P004,Yoga Mat Premium,Sports,9,24.99,224.91
2023-12-23,P005,USB-C Hub 7-in-1,Electronics,5,34.99,174.95
2023-12-23,P006,Protein Powder Vanilla 1kg,Health,19,39.99,759.81
2023-12-23,P007,Smart Water Bottle,Sports,9,19.99,179.91
2023-12-23,P008,Coffee Beans Premium 250g,Grocery,28,12.99,363.72
2023-12-23,P009,Resistance Band Set,Sports,8,14.99,119.92
2023-12-23,P010,Face Moisturiser SPF50,Beauty,14,18.99,265.86
2023-12-25,P001,Wireless Earbuds Pro,Electronics,12,29.99,359.88
2023-12-25,P002,Running Shoes X200,Footwear,5,59.99,299.95
2023-12-25,P003,Organic Green Tea (50 bags),Grocery,19,8.99,170.81
2023-12-25,P004,Yoga Mat Premium,Sports,2,24.99,49.98
2023-12-25,P005,USB-C Hub 7-in-1,Electronics,5,34.99,174.95
2023-12-25,P006,Protein Powder Vanilla 1kg,Health,9,39.99,359.91
2023-12-25,P007,Smart Water Bottle,Sports,6,19.99,119.94
2023-12-25,P008,Coffee Beans Premium 250g,Grocery,30,12.99,389.7
2023-12-25,P009,Resistance Band Set,Sports,7,14.99,104.93
2023-12-25,P010,Face Moisturiser SPF50,Beauty,9,18.99,170.91
2023-12-26,P001,Wireless Earbuds Pro,Electronics,6,29.99,179.94
2023-12-26,P002,Running Shoes X200,Footwear,5,59.99,299.95
2023-12-26,P003,Organic Green Tea (50 bags),Grocery,9,8.99,80.91
2023-12-26,P004,Yoga Mat Premium,Sports,3,24.99,74.97
2023-12-26,P005,USB-C Hub 7-in-1,Electronics,8,34.99,279.92
2023-12-26,P006,Protein Powder Vanilla 1kg,Health,19,39.99,759.81
2023-12-26,P007,Smart Water Bottle,Sports,16,19.99,319.84
2023-12-26,P008,Coffee Beans Premium 250g,Grocery,24,12.99,311.76
2023-12-26,P009,Resistance Band Set,Sports,7,14.99,104.93
2023-12-26,P010,Face Moisturiser SPF50,Beauty,15,18.99,284.85
2023-12-27,P001,Wireless Earbuds Pro,Electronics,7,29.99,209.93
2023-12-27,P002,Running Shoes X200,Footwear,4,59.99,239.96
2023-12-27,P003,Organic Green Tea (50 bags),Grocery,24,8.99,215.76
2023-12-27,P004,Yoga Mat Premium,Sports,9,24.99,224.91
2023-12-27,P005,USB-C Hub 7-in-1,Electronics,7,34.99,244.93
2023-12-27,P006,Protein Powder Vanilla 1kg,Health,12,39.99,479.88
2023-12-27,P007,Smart Water Bottle,Sports,9,19.99,179.91
2023-12-27,P008,Coffee Beans Premium 250g,Grocery,21,12.99,272.79
2023-12-27,P009,Resistance Band Set,Sports,12,14.99,179.88
2023-12-27,P010,Face Moisturiser SPF50,Beauty,9,18.99,170.91
2023-12-28,P001,Wireless Earbuds Pro,Electronics,9,29.99,269.91
2023-12-28,P002,Running Shoes X200,Footwear,8,59.99,479.92
2023-12-28,P003,Organic Green Tea (50 bags),Grocery,16,8.99,143.84
2023-12-28,P004,Yoga Mat Premium,Sports,2,24.99,49.98
2023-12-28,P005,USB-C Hub 7-in-1,Electronics,4,34.99,139.96
2023-12-28,P006,Protein Powder Vanilla 1kg,Health,8,39.99,319.92
2023-12-28,P007,Smart Water Bottle,Sports,8,19.99,159.92
2023-12-28,P008,Coffee Beans Premium 250g,Grocery,23,12.99,298.77
2023-12-28,P009,Resistance Band Set,Sports,6,14.99,89.94
2023-12-28,P010,Face Moisturiser SPF50,Beauty,17,18.99,322.83
2023-12-29,P001,Wireless Earbuds Pro,Electronics,11,29.99,329.89
2023-12-29,P002,Running Shoes X200,Footwear,7,59.99,419.93
2023-12-29,P003,Organic Green Tea (50 bags),Grocery,11,8.99,98.89
2023-12-29,P004,Yoga Mat Premium,Sports,5,24.99,124.95
2023-12-29,P005,USB-C Hub 7-in-1,Electronics,8,34.99,279.92
2023-12-29,P006,Protein Powder Vanilla 1kg,Health,13,39.99,519.87
2023-12-29,P007,Smart Water Bottle,Sports,8,19.99,159.92
2023-12-29,P008,Coffee Beans Premium 250g,Grocery,27,12.99,350.73
2023-12-29,P009,Resistance Band Set,Sports,13,14.99,194.87
2023-12-29,P010,Face Moisturiser SPF50,Beauty,7,18.99,132.93
2023-12-30,P001,Wireless Earbuds Pro,Electronics,12,29.99,359.88
2023-12-30,P002,Running Shoes X200,Footwear,11,59.99,659.89
2023-12-30,P003,Organic Green Tea (50 bags),Grocery,25,8.99,224.75
2023-12-30,P004,Yoga Mat Premium,Sports,6,24.99,149.94
2023-12-30,P005,USB-C Hub 7-in-1,Electronics,8,34.99,279.92
2023-12-30,P006,Protein Powder Vanilla 1kg,Health,17,39.99,679.83
2023-12-30,P007,Smart Water Bottle,Sports,15,19.99,299.85
2023-12-30,P008,Coffee Beans Premium 250g,Grocery,31,12.99,402.69
2023-12-30,P009,Resistance Band Set,Sports,9,14.99,134.91
2023-12-30,P010,Face Moisturiser SPF50,Beauty,18,18.99,341.82
2024-01-01,P001,Wireless Earbuds Pro,Electronics,16,29.99,479.84
2024-01-01,P002,Running Shoes X200,Footwear,8,59.99,479.92
2024-01-01,P003,Organic Green Tea (50 bags),Grocery,24,8.99,215.76
2024-01-01,P004,Yoga Mat Premium,Sports,3,24.99,74.97
2024-01-01,P005,USB-C Hub 7-in-1,Electronics,8,34.99,279.92
2024-01-01,P006,Protein Powder Vanilla 1kg,Health,8,39.99,319.92
2024-01-01,P007,Smart Water Bottle,Sports,5,19.99,99.95
2024-01-01,P008,Coffee Beans Premium 250g,Grocery,28,12.99,363.72
2024-01-01,P009,Resistance Band Set,Sports,10,14.99,149.9
2024-01-01,P010,Face Moisturiser SPF50,Beauty,10,18.99,189.9
2024-01-02,P001,Wireless Earbuds Pro,Electronics,9,29.99,269.91
2024-01-02,P002,Running Shoes X200,Footwear,2,59.99,119.98
2024-01-02,P003,Organic Green Tea (50 bags),Grocery,20,8.99,179.8
2024-01-02,P004,Yoga Mat Premium,Sports,5,24.99,124.95
2024-01-02,P005,USB-C Hub 7-in-1,Electronics,11,34.99,384.89
2024-01-02,P006,Protein Powder Vanilla 1kg,Health,8,39.99,319.92
2024-01-02,P007,Smart Water Bottle,Sports,2,19.99,39.98
2024-01-02,P008,Coffee Beans Premium 250g,Grocery,22,12.99,285.78
2024-01-02,P009,Resistance Band Set,Sports,9,14.99,134.91
2024-01-02,P010,Face Moisturiser SPF50,Beauty,8,18.99,151.92
2024-01-03,P001,Wireless Earbuds Pro,Electronics,9,29.99,269.91
2024-01-03,P002,Running Shoes X200,Footwear,6,59.99,359.94
2024-01-03,P003,Organic Green Tea (50 bags),Grocery,19,8.99,170.81
2024-01-03,P004,Yoga Mat Premium,Sports,3,24.99,74.97
2024-01-03,P005,USB-C Hub 7-in-1,Electronics,13,34.99,454.87
2024-01-03,P006,Protein Powder Vanilla 1kg,Health,13,39.99,519.87
2024-01-03,P007,Smart Water Bottle,Sports,9,19.99,179.91
2024-01-03,P008,Coffee Beans Premium 250g,Grocery,15,12.99,194.85
2024-01-03,P009,Resistance Band Set,Sports,11,14.99,164.89
2024-01-03,P010,Face Moisturiser SPF50,Beauty,9,18.99,170.91
2024-01-04,P001,Wireless Earbuds Pro,Electronics,11,29.99,329.89
2024-01-04,P002,Running Shoes X200,Footwear,6,59.99,359.94
2024-01-04,P003,Organic Green Tea (50 bags),Grocery,18,8.99,161.82
2024-01-04,P004,Yoga Mat Premium,Sports,10,24.99,249.9
2024-01-04,P005,USB-C Hub 7-in-1,Electronics,11,34.99,384.89
2024-01-04,P006,Protein Powder Vanilla 1kg,Health,14,39.99,559.86
2024-01-04,P007,Smart Water Bottle,Sports,7,19.99,139.93
2024-01-04,P008,Coffee Beans Premium 250g,Grocery,27,12.99,350.73
2024-01-04,P009,Resistance Band Set,Sports,11,14.99,164.89
2024-01-04,P010,Face Moisturiser SPF50,Beauty,6,18.99,113.94
2024-01-05,P001,Wireless Earbuds Pro,Electronics,4,29.99,119.96
2024-01-05,P002,Running Shoes X200,Footwear,3,59.99,179.97
2024-01-05,P003,Organic Green Tea (50 bags),Grocery,16,8.99,143.84
2024-01-05,P004,Yoga Mat Premium,Sports,3,24.99,74.97
2024-01-05,P005,USB-C Hub 7-in-1,Electronics,6,34.99,209.94
2024-01-05,P006,Protein Powder Vanilla 1kg,Health,15,39.99,599.85
2024-01-05,P007,Smart Water Bottle,Sports,11,19.99,219.89
2024-01-05,P008,Coffee Beans Premium 250g,Grocery,17,12.99,220.83
2024-01-05,P009,Resistance Band Set,Sports,10,14.99,149.9
2024-01-05,P010,Face Moisturiser SPF50,Beauty,9,18.99,170.91
2024-01-06,P001,Wireless Earbuds Pro,Electronics,12,29.99,359.88
2024-01-06,P002,Running Shoes X200,Footwear,12,59.99,719.88
2024-01-06,P003,Organic Green Tea (50 bags),Grocery,33,8.99,296.67
2024-01-06,P004,Yoga Mat Premium,Sports,8,24.99,199.92
2024-01-06,P005,USB-C Hub 7-in-1,Electronics,7,34.99,244.93
2024-01-06,P006,Protein Powder Vanilla 1kg,Health,16,39.99,639.84
2024-01-06,P007,Smart Water Bottle,Sports,15,19.99,299.85
2024-01-06,P008,Coffee Beans Premium 250g,Grocery,29,12.99,376.71
2024-01-06,P009,Resistance Band Set,Sports,13,14.99,194.87
2024-01-06,P010,Face Moisturiser SPF50,Beauty,11,18.99,208.89
2024-01-08,P001,Wireless Earbuds Pro,Electronics,8,29.99,239.92
2024-01-08,P002,Running Shoes X200,Footwear,7,59.99,419.93
2024-01-08,P003,Organic Green Tea (50 bags),Grocery,15,8.99,134.85
2024-01-08,P004,Yoga Mat Premium,Sports,4,24.99,99.96
2024-01-08,P005,USB-C Hub 7-in-1,Electronics,11,34.99,384.89
2024-01-08,P006,Protein Powder Vanilla 1kg,Health,12,39.99,479.88
2024-01-08,P007,Smart Water Bottle,Sports,3,19.99,59.97
2024-01-08,P008,Coffee Beans Premium 250g,Grocery,26,12.99,337.74
2024-01-08,P009,Resistance Band Set,Sports,10,14.99,149.9
2024-01-08,P010,Face Moisturiser SPF50,Beauty,7,18.99,132.93
2024-01-09,P001,Wireless Earbuds Pro,Electronics,4,29.99,119.96
2024-01-09,P002,Running Shoes X200,Footwear,3,59.99,179.97
2024-01-09,P003,Organic Green Tea (50 bags),Grocery,22,8.99,197.78
2024-01-09,P004,Yoga Mat Premium,Sports,4,24.99,99.96
2024-01-09,P005,USB-C Hub 7-in-1,Electronics,5,34.99,174.95
2024-01-09,P006,Protein Powder Vanilla 1kg,Health,14,39.99,559.86
2024-01-09,P007,Smart Water Bottle,Sports,5,19.99,99.95
2024-01-09,P008,Coffee Beans Premium 250g,Grocery,26,12.99,337.74
2024-01-09,P009,Resistance Band Set,Sports,9,14.99,134.91
2024-01-09,P010,Face Moisturiser SPF50,Beauty,11,18.99,208.89
2024-01-10,P001,Wireless Earbuds Pro,Electronics,11,29.99,329.89
2024-01-10,P002,Running Shoes X200,Footwear,7,59.99,419.93
2024-01-10,P003,Organic Green Tea (50 bags),Grocery,20,8.99,179.8
2024-01-10,P004,Yoga Mat Premium,Sports,5,24.99,124.95
2024-01-10,P005,USB-C Hub 7-in-1,Electronics,6,34.99,209.94
2024-01-10,P006,Protein Powder Vanilla 1kg,Health,10,39.99,399.9
2024-01-10,P007,Smart Water Bottle,Sports,15,19.99,299.85
2024-01-10,P008,Coffee Beans Premium 250g,Grocery,27,12.99,350.73
2024-01-10,P009,Resistance Band Set,Sports,8,14.99,119.92
2024-01-10,P010,Face Moisturiser SPF50,Beauty,4,18.99,75.96
2024-01-11,P001,Wireless Earbuds Pro,Electronics,11,29.99,329.89
2024-01-11,P002,Running Shoes X200,Footwear,4,59.99,239.96
2024-01-11,P003,Organic Green Tea (50 bags),Grocery,23,8.99,206.77
2024-01-11,P004,Yoga Mat Premium,Sports,4,24.99,99.96
2024-01-11,P005,USB-C Hub 7-in-1,Electronics,9,34.99,314.91
2024-01-11,P006,Protein Powder Vanilla 1kg,Health,11,39.99,439.89
2024-01-11,P007,Smart Water Bottle,Sports,8,19.99,159.92
2024-01-11,P008,Coffee Beans Premium 250g,Grocery,14,12.99,181.86
2024-01-11,P009,Resistance Band Set,Sports,9,14.99,134.91
2024-01-11,P010,Face Moisturiser SPF50,Beauty,4,18.99,75.96
2024-01-12,P001,Wireless Earbuds Pro,Electronics,12,29.99,359.88
2024-01-12,P002,Running Shoes X200,Footwear,8,59.99,479.92
2024-01-12,P003,Organic Green Tea (50 bags),Grocery,17,8.99,152.83
2024-01-12,P004,Yoga Mat Premium,Sports,6,24.99,149.94
2024-01-12,P005,USB-C Hub 7-in-1,Electronics,11,34.99,384.89
2024-01-12,P006,Protein Powder Vanilla 1kg,Health,11,39.99,439.89
2024-01-12,P007,Smart Water Bottle,Sports,16,19.99,319.84
2024-01-12,P008,Coffee Beans Premium 250g,Grocery,30,12.99,389.7
2024-01-12,P009,Resistance Band Set,Sports,12,14.99,179.88
2024-01-12,P010,Face Moisturiser SPF50,Beauty,16,18.99,303.84
2024-01-13,P001,Wireless Earbuds Pro,Electronics,9,29.99,269.91
2024-01-13,P002,Running Shoes X200,Footwear,7,59.99,419.93
2024-01-13,P003,Organic Green Tea (50 bags),Grocery,22,8.99,197.78
2024-01-13,P004,Yoga Mat Premium,Sports,6,24.99,149.94
2024-01-13,P005,USB-C Hub 7-in-1,Electronics,13,34.99,454.87
2024-01-13,P006,Protein Powder Vanilla 1kg,Health,20,39.99,799.8
2024-01-13,P007,Smart Water Bottle,Sports,6,19.99,119.94
2024-01-13,P008,Coffee Beans Premium 250g,Grocery,30,12.99,389.7
2024-01-13,P009,Resistance Band Set,Sports,9,14.99,134.91
2024-01-13,P010,Face Moisturiser SPF50,Beauty,13,18.99,246.87
2024-01-15,P001,Wireless Earbuds Pro,Electronics,7,29.99,209.93
2024-01-15,P002,Running Shoes X200,Footwear,4,59.99,239.96
2024-01-15,P003,Organic Green Tea (50 bags),Grocery,19,8.99,170.81
2024-01-15,P004,Yoga Mat Premium,Sports,4,24.99,99.96
2024-01-15,P005,USB-C Hub 7-in-1,Electronics,9,34.99,314.91
2024-01-15,P006,Protein Powder Vanilla 1kg,Health,9,39.99,359.91
2024-01-15,P007,Smart Water Bottle,Sports,11,19.99,219.89
2024-01-15,P008,Coffee Beans Premium 250g,Grocery,27,12.99,350.73
2024-01-15,P009,Resistance Band Set,Sports,11,14.99,164.89
2024-01-15,P010,Face Moisturiser SPF50,Beauty,7,18.99,132.93
2024-01-16,P001,Wireless Earbuds Pro,Electronics,11,29.99,329.89
2024-01-16,P002,Running Shoes X200,Footwear,7,59.99,419.93
2024-01-16,P003,Organic Green Tea (50 bags),Grocery,23,8.99,206.77
2024-01-16,P004,Yoga Mat Premium,Sports,5,24.99,124.95
2024-01-16,P005,USB-C Hub 7-in-1,Electronics,9,34.99,314.91
2024-01-16,P006,Protein Powder Vanilla 1kg,Health,17,39.99,679.83
2024-01-16,P007,Smart Water Bottle,Sports,12,19.99,239.88
2024-01-16,P008,Coffee Beans Premium 250g,Grocery,29,12.99,376.71
2024-01-16,P009,Resistance Band Set,Sports,8,14.99,119.92
2024-01-16,P010,Face Moisturiser SPF50,Beauty,13,18.99,246.87
2024-01-17,P001,Wireless Earbuds Pro,Electronics,12,29.99,359.88
2024-01-17,P002,Running Shoes X200,Footwear,3,59.99,179.97
2024-01-17,P003,Organic Green Tea (50 bags),Grocery,23,8.99,206.77
2024-01-17,P004,Yoga Mat Premium,Sports,7,24.99,174.93
2024-01-17,P005,USB-C Hub 7-in-1,Electronics,7,34.99,244.93
2024-01-17,P006,Protein Powder Vanilla 1kg,Health,14,39.99,559.86
2024-01-17,P007,Smart Water Bottle,Sports,9,19.99,179.91
2024-01-17,P008,Coffee Beans Premium 250g,Grocery,17,12.99,220.83
2024-01-17,P009,Resistance Band Set,Sports,11,14.99,164.89
2024-01-17,P010,Face Moisturiser SPF50,Beauty,9,18.99,170.91
2024-01-18,P001,Wireless Earbuds Pro,Electronics,13,29.99,389.87
2024-01-18,P002,Running Shoes X200,Footwear,3,59.99,179.97
2024-01-18,P003,Organic Green Tea (50 bags),Grocery,28,8.99,251.72
2024-01-18,P004,Yoga Mat Premium,Sports,4,24.99,99.96
2024-01-18,P005,USB-C Hub 7-in-1,Electronics,8,34.99,279.92
2024-01-18,P006,Protein Powder Vanilla 1kg,Health,13,39.99,519.87
2024-01-18,P007,Smart Water Bottle,Sports,8,19.99,159.92
2024-01-18,P008,Coffee Beans Premium 250g,Grocery,20,12.99,259.8
2024-01-18,P009,Resistance Band Set,Sports,6,14.99,89.94
2024-01-18,P010,Face Moisturiser SPF50,Beauty,9,18.99,170.91
2024-01-19,P001,Wireless Earbuds Pro,Electronics,7,29.99,209.93
2024-01-19,P002,Running Shoes X200,Footwear,11,59.99,659.89
2024-01-19,P003,Organic Green Tea (50 bags),Grocery,19,8.99,170.81
2024-01-19,P004,Yoga Mat Premium,Sports,9,24.99,224.91
2024-01-19,P005,USB-C Hub 7-in-1,Electronics,10,34.99,349.9
2024-01-19,P006,Protein Powder Vanilla 1kg,Health,13,39.99,519.87
2024-01-19,P007,Smart Water Bottle,Sports,11,19.99,219.89
2024-01-19,P008,Coffee Beans Premium 250g,Grocery,29,12.99,376.71
2024-01-19,P009,Resistance Band Set,Sports,9,14.99,134.91
2024-01-19,P010,Face Moisturiser SPF50,Beauty,12,18.99,227.88
2024-01-20,P001,Wireless Earbuds Pro,Electronics,14,29.99,419.86
2024-01-20,P002,Running Shoes X200,Footwear,11,59.99,659.89
2024-01-20,P003,Organic Green Tea (50 bags),Grocery,37,8.99,332.63
2024-01-20,P004,Yoga Mat Premium,Sports,5,24.99,124.95
2024-01-20,P005,USB-C Hub 7-in-1,Electronics,9,34.99,314.91
2024-01-20,P006,Protein Powder Vanilla 1kg,Health,21,39.99,839.79
2024-01-20,P007,Smart Water Bottle,Sports,6,19.99,119.94
2024-01-20,P008,Coffee Beans Premium 250g,Grocery,32,12.99,415.68
2024-01-20,P009,Resistance Band Set,Sports,12,14.99,179.88
2024-01-20,P010,Face Moisturiser SPF50,Beauty,23,18.99,436.77
2024-01-22,P001,Wireless Earbuds Pro,Electronics,14,29.99,419.86
2024-01-22,P002,Running Shoes X200,Footwear,6,59.99,359.94
2024-01-22,P003,Organic Green Tea (50 bags),Grocery,25,8.99,224.75
2024-01-22,P004,Yoga Mat Premium,Sports,5,24.99,124.95
2024-01-22,P005,USB-C Hub 7-in-1,Electronics,13,34.99,454.87
2024-01-22,P006,Protein Powder Vanilla 1kg,Health,12,39.99,479.88
2024-01-22,P007,Smart Water Bottle,Sports,3,19.99,59.97
2024-01-22,P008,Coffee Beans Premium 250g,Grocery,25,12.99,324.75
2024-01-22,P009,Resistance Band Set,Sports,7,14.99,104.93
2024-01-22,P010,Face Moisturiser SPF50,Beauty,7,18.99,132.93
2024-01-23,P001,Wireless Earbuds Pro,Electronics,11,29.99,329.89
2024-01-23,P002,Running Shoes X200,Footwear,6,59.99,359.94
2024-01-23,P003,Organic Green Tea (50 bags),Grocery,14,8.99,125.86
2024-01-23,P004,Yoga Mat Premium,Sports,7,24.99,174.93
2024-01-23,P005,USB-C Hub 7-in-1,Electronics,10,34.99,349.9
2024-01-23,P006,Protein Powder Vanilla 1kg,Health,8,39.99,319.92
2024-01-23,P007,Smart Water Bottle,Sports,6,19.99,119.94
2024-01-23,P008,Coffee Beans Premium 250g,Grocery,25,12.99,324.75
2024-01-23,P009,Resistance Band Set,Sports,6,14.99,89.94
2024-01-23,P010,Face Moisturiser SPF50,Beauty,13,18.99,246.87
2024-01-24,P001,Wireless Earbuds Pro,Electronics,9,29.99,269.91
2024-01-24,P002,Running Shoes X200,Footwear,4,59.99,239.96
2024-01-24,P003,Organic Green Tea (50 bags),Grocery,27,8.99,242.73
2024-01-24,P004,Yoga Mat Premium,Sports,3,24.99,74.97
2024-01-24,P005,USB-C Hub 7-in-1,Electronics,6,34.99,209.94
2024-01-24,P006,Protein Powder Vanilla 1kg,Health,16,39.99,639.84
2024-01-24,P007,Smart Water Bottle,Sports,11,19.99,219.89
2024-01-24,P008,Coffee Beans Premium 250g,Grocery,19,12.99,246.81
2024-01-24,P009,Resistance Band Set,Sports,8,14.99,119.92
2024-01-24,P010,Face Moisturiser SPF50,Beauty,12,18.99,227.88
2024-01-25,P001,Wireless Earbuds Pro,Electronics,8,29.99,239.92
2024-01-25,P002,Running Shoes X200,Footwear,6,59.99,359.94
2024-01-25,P003,Organic Green Tea (50 bags),Grocery,24,8.99,215.76
2024-01-25,P004,Yoga Mat Premium,Sports,3,24.99,74.97
2024-01-25,P005,USB-C Hub 7-in-1,Electronics,4,34.99,139.96
2024-01-25,P006,Protein Powder Vanilla 1kg,Health,9,39.99,359.91
2024-01-25,P007,Smart Water Bottle,Sports,6,19.99,119.94
2024-01-25,P008,Coffee Beans Premium 250g,Grocery,32,12.99,415.68
2024-01-25,P009,Resistance Band Set,Sports,6,14.99,89.94
2024-01-25,P010,Face Moisturiser SPF50,Beauty,9,18.99,170.91
2024-01-26,P001,Wireless Earbuds Pro,Electronics,7,29.99,209.93
2024-01-26,P002,Running Shoes X200,Footwear,4,59.99,239.96
2024-01-26,P003,Organic Green Tea (50 bags),Grocery,30,8.99,269.7
2024-01-26,P004,Yoga Mat Premium,Sports,5,24.99,124.95
2024-01-26,P005,USB-C Hub 7-in-1,Electronics,8,34.99,279.92
2024-01-26,P006,Protein Powder Vanilla 1kg,Health,17,39.99,679.83
2024-01-26,P007,Smart Water Bottle,Sports,4,19.99,79.96
2024-01-26,P008,Coffee Beans Premium 250g,Grocery,24,12.99,311.76
2024-01-26,P009,Resistance Band Set,Sports,8,14.99,119.92
2024-01-26,P010,Face Moisturiser SPF50,Beauty,12,18.99,227.88
2024-01-27,P001,Wireless Earbuds Pro,Electronics,15,29.99,449.85
2024-01-27,P002,Running Shoes X200,Footwear,10,59.99,599.9
2024-01-27,P003,Organic Green Tea (50 bags),Grocery,29,8.99,260.71
2024-01-27,P004,Yoga Mat Premium,Sports,9,24.99,224.91
2024-01-27,P005,USB-C Hub 7-in-1,Electronics,18,34.99,629.82
2024-01-27,P006,Protein Powder Vanilla 1kg,Health,19,39.99,759.81
2024-01-27,P007,Smart Water Bottle,Sports,10,19.99,199.9
2024-01-27,P008,Coffee Beans Premium 250g,Grocery,27,12.99,350.73
2024-01-27,P009,Resistance Band Set,Sports,13,14.99,194.87
2024-01-27,P010,Face Moisturiser SPF50,Beauty,19,18.99,360.81
2024-01-29,P001,Wireless Earbuds Pro,Electronics,11,29.99,329.89
2024-01-29,P002,Running Shoes X200,Footwear,8,59.99,479.92
2024-01-29,P003,Organic Green Tea (50 bags),Grocery,18,8.99,161.82
2024-01-29,P004,Yoga Mat Premium,Sports,3,24.99,74.97
2024-01-29,P005,USB-C Hub 7-in-1,Electronics,13,34.99,454.87
2024-01-29,P006,Protein Powder Vanilla 1kg,Health,13,39.99,519.87
2024-01-29,P007,Smart Water Bottle,Sports,12,19.99,239.88
2024-01-29,P008,Coffee Beans Premium 250g,Grocery,19,12.99,246.81
2024-01-29,P009,Resistance Band Set,Sports,13,14.99,194.87
2024-01-29,P010,Face Moisturiser SPF50,Beauty,11,18.99,208.89
2024-01-30,P001,Wireless Earbuds Pro,Electronics,9,29.99,269.91
2024-01-30,P002,Running Shoes X200,Footwear,4,59.99,239.96
2024-01-30,P003,Organic Green Tea (50 bags),Grocery,17,8.99,152.83
2024-01-30,P004,Yoga Mat Premium,Sports,6,24.99,149.94
2024-01-30,P005,USB-C Hub 7-in-1,Electronics,5,34.99,174.95
2024-01-30,P006,Protein Powder Vanilla 1kg,Health,14,39.99,559.86
2024-01-30,P007,Smart Water Bottle,Sports,13,19.99,259.87
2024-01-30,P008,Coffee Beans Premium 250g,Grocery,27,12.99,350.73
2024-01-30,P009,Resistance Band Set,Sports,7,14.99,104.93
2024-01-30,P010,Face Moisturiser SPF50,Beauty,19,18.99,360.81
2024-01-31,P001,Wireless Earbuds Pro,Electronics,8,29.99,239.92
2024-01-31,P002,Running Shoes X200,Footwear,13,59.99,779.87
2024-01-31,P003,Organic Green Tea (50 bags),Grocery,17,8.99,152.83
2024-01-31,P004,Yoga Mat Premium,Sports,5,24.99,124.95
2024-01-31,P005,USB-C Hub 7-in-1,Electronics,14,34.99,489.86
2024-01-31,P006,Protein Powder Vanilla 1kg,Health,6,39.99,239.94
2024-01-31,P007,Smart Water Bottle,Sports,11,19.99,219.89
2024-01-31,P008,Coffee Beans Premium 250g,Grocery,29,12.99,376.71
2024-01-31,P009,Resistance Band Set,Sports,12,14.99,179.88
2024-01-31,P010,Face Moisturiser SPF50,Beauty,14,18.99,265.86
2024-02-01,P001,Wireless Earbuds Pro,Electronics,11,29.99,329.89
2024-02-01,P002,Running Shoes X200,Footwear,10,59.99,599.9
2024-02-01,P003,Organic Green Tea (50 bags),Grocery,19,8.99,170.81
2024-02-01,P004,Yoga Mat Premium,Sports,5,24.99,124.95
2024-02-01,P005,USB-C Hub 7-in-1,Electronics,9,34.99,314.91
2024-02-01,P006,Protein Powder Vanilla 1kg,Health,21,39.99,839.79
2024-02-01,P007,Smart Water Bottle,Sports,5,19.99,99.95
2024-02-01,P008,Coffee Beans Premium 250g,Grocery,23,12.99,298.77
2024-02-01,P009,Resistance Band Set,Sports,11,14.99,164.89
2024-02-01,P010,Face Moisturiser SPF50,Beauty,14,18.99,265.86
2024-02-02,P001,Wireless Earbuds Pro,Electronics,10,29.99,299.9
2024-02-02,P002,Running Shoes X200,Footwear,4,59.99,239.96
2024-02-02,P003,Organic Green Tea (50 bags),Grocery,21,8.99,188.79
2024-02-02,P004,Yoga Mat Premium,Sports,8,24.99,199.92
2024-02-02,P005,USB-C Hub 7-in-1,Electronics,11,34.99,384.89
2024-02-02,P006,Protein Powder Vanilla 1kg,Health,13,39.99,519.87
2024-02-02,P007,Smart Water Bottle,Sports,4,19.99,79.96
2024-02-02,P008,Coffee Beans Premium 250g,Grocery,24,12.99,311.76
2024-02-02,P009,Resistance Band Set,Sports,13,14.99,194.87
2024-02-02,P010,Face Moisturiser SPF50,Beauty,10,18.99,189.9
2024-02-03,P001,Wireless Earbuds Pro,Electronics,12,29.99,359.88
2024-02-03,P002,Running Shoes X200,Footwear,8,59.99,479.92
2024-02-03,P003,Organic Green Tea (50 bags),Grocery,30,8.99,269.7
2024-02-03,P004,Yoga Mat Premium,Sports,6,24.99,149.94
2024-02-03,P005,USB-C Hub 7-in-1,Electronics,8,34.99,279.92
2024-02-03,P006,Protein Powder Vanilla 1kg,Health,15,39.99,599.85
2024-02-03,P007,Smart Water Bottle,Sports,11,19.99,219.89
2024-02-03,P008,Coffee Beans Premium 250g,Grocery,39,12.99,506.61
2024-02-03,P009,Resistance Band Set,Sports,11,14.99,164.89
2024-02-03,P010,Face Moisturiser SPF50,Beauty,14,18.99,265.86
2024-02-05,P001,Wireless Earbuds Pro,Electronics,11,29.99,329.89
2024-02-05,P002,Running Shoes X200,Footwear,2,59.99,119.98
2024-02-05,P003,Organic Green Tea (50 bags),Grocery,34,8.99,305.66
2024-02-05,P004,Yoga Mat Premium,Sports,5,24.99,124.95
2024-02-05,P005,USB-C Hub 7-in-1,Electronics,6,34.99,209.94
2024-02-05,P006,Protein Powder Vanilla 1kg,Health,13,39.99,519.87
2024-02-05,P007,Smart Water Bottle,Sports,6,19.99,119.94
2024-02-05,P008,Coffee Beans Premium 250g,Grocery,27,12.99,350.73
2024-02-05,P009,Resistance Band Set,Sports,9,14.99,134.91
2024-02-05,P010,Face Moisturiser SPF50,Beauty,10,18.99,189.9
2024-02-06,P001,Wireless Earbuds Pro,Electronics,7,29.99,209.93
2024-02-06,P002,Running Shoes X200,Footwear,10,59.99,599.9
2024-02-06,P003,Organic Green Tea (50 bags),Grocery,19,8.99,170.81
2024-02-06,P004,Yoga Mat Premium,Sports,11,24.99,274.89
2024-02-06,P005,USB-C Hub 7-in-1,Electronics,11,34.99,384.89
2024-02-06,P006,Protein Powder Vanilla 1kg,Health,17,39.99,679.83
2024-02-06,P007,Smart Water Bottle,Sports,9,19.99,179.91
2024-02-06,P008,Coffee Beans Premium 250g,Grocery,35,12.99,454.65
2024-02-06,P009,Resistance Band Set,Sports,8,14.99,119.92
2024-02-06,P010,Face Moisturiser SPF50,Beauty,15,18.99,284.85
2024-02-07,P001,Wireless Earbuds Pro,Electronics,15,29.99,449.85
2024-02-07,P002,Running Shoes X200,Footwear,5,59.99,299.95
2024-02-07,P003,Organic Green Tea (50 bags),Grocery,19,8.99,170.81
2024-02-07,P004,Yoga Mat Premium,Sports,5,24.99,124.95
2024-02-07,P005,USB-C Hub 7-in-1,Electronics,8,34.99,279.92
2024-02-07,P006,Protein Powder Vanilla 1kg,Health,12,39.99,479.88
2024-02-07,P007,Smart Water Bottle,Sports,6,19.99,119.94
2024-02-07,P008,Coffee Beans Premium 250g,Grocery,31,12.99,402.69
2024-02-07,P009,Resistance Band Set,Sports,10,14.99,149.9
2024-02-07,P010,Face Moisturiser SPF50,Beauty,17,18.99,322.83
2024-02-08,P001,Wireless Earbuds Pro,Electronics,13,29.99,389.87
2024-02-08,P002,Running Shoes X200,Footwear,10,59.99,599.9
2024-02-08,P003,Organic Green Tea (50 bags),Grocery,25,8.99,224.75
2024-02-08,P004,Yoga Mat Premium,Sports,7,24.99,174.93
2024-02-08,P005,USB-C Hub 7-in-1,Electronics,9,34.99,314.91
2024-02-08,P006,Protein Powder Vanilla 1kg,Health,12,39.99,479.88
2024-02-08,P007,Smart Water Bottle,Sports,7,19.99,139.93
2024-02-08,P008,Coffee Beans Premium 250g,Grocery,32,12.99,415.68
2024-02-08,P009,Resistance Band Set,Sports,10,14.99,149.9
2024-02-08,P010,Face Moisturiser SPF50,Beauty,18,18.99,341.82
2024-02-09,P001,Wireless Earbuds Pro,Electronics,9,29.99,269.91
2024-02-09,P002,Running Shoes X200,Footwear,7,59.99,419.93
2024-02-09,P003,Organic Green Tea (50 bags),Grocery,23,8.99,206.77
2024-02-09,P004,Yoga Mat Premium,Sports,7,24.99,174.93
2024-02-09,P005,USB-C Hub 7-in-1,Electronics,9,34.99,314.91
2024-02-09,P006,Protein Powder Vanilla 1kg,Health,17,39.99,679.83
2024-02-09,P007,Smart Water Bottle,Sports,11,19.99,219.89
2024-02-09,P008,Coffee Beans Premium 250g,Grocery,25,12.99,324.75
2024-02-09,P009,Resistance Band Set,Sports,8,14.99,119.92
2024-02-09,P010,Face Moisturiser SPF50,Beauty,21,18.99,398.79
2024-02-10,P001,Wireless Earbuds Pro,Electronics,18,29.99,539.82
2024-02-10,P002,Running Shoes X200,Footwear,10,59.99,599.9
2024-02-10,P003,Organic Green Tea (50 bags),Grocery,28,8.99,251.72
2024-02-10,P004,Yoga Mat Premium,Sports,8,24.99,199.92
2024-02-10,P005,USB-C Hub 7-in-1,Electronics,10,34.99,349.9
2024-02-10,P006,Protein Powder Vanilla 1kg,Health,16,39.99,639.84
2024-02-10,P007,Smart Water Bottle,Sports,17,19.99,339.83
2024-02-10,P008,Coffee Beans Premium 250g,Grocery,36,12.99,467.64
2024-02-10,P009,Resistance Band Set,Sports,9,14.99,134.91
2024-02-10,P010,Face Moisturiser SPF50,Beauty,18,18.99,341.82
2024-02-12,P001,Wireless Earbuds Pro,Electronics,7,29.99,209.93
2024-02-12,P002,Running Shoes X200,Footwear,11,59.99,659.89
2024-02-12,P003,Organic Green Tea (50 bags),Grocery,22,8.99,197.78
2024-02-12,P004,Yoga Mat Premium,Sports,4,24.99,99.96
2024-02-12,P005,USB-C Hub 7-in-1,Electronics,13,34.99,454.87
2024-02-12,P006,Protein Powder Vanilla 1kg,Health,18,39.99,719.82
2024-02-12,P007,Smart Water Bottle,Sports,10,19.99,199.9
2024-02-12,P008,Coffee Beans Premium 250g,Grocery,37,12.99,480.63
2024-02-12,P009,Resistance Band Set,Sports,7,14.99,104.93
2024-02-12,P010,Face Moisturiser SPF50,Beauty,12,18.99,227.88
2024-02-13,P001,Wireless Earbuds Pro,Electronics,10,29.99,299.9
2024-02-13,P002,Running Shoes X200,Footwear,5,59.99,299.95
2024-02-13,P003,Organic Green Tea (50 bags),Grocery,24,8.99,215.76
2024-02-13,P004,Yoga Mat Premium,Sports,5,24.99,124.95
2024-02-13,P005,USB-C Hub 7-in-1,Electronics,14,34.99,489.86
2024-02-13,P006,Protein Powder Vanilla 1kg,Health,10,39.99,399.9
2024-02-13,P007,Smart Water Bottle,Sports,10,19.99,199.9
2024-02-13,P008,Coffee Beans Premium 250g,Grocery,23,12.99,298.77
2024-02-13,P009,Resistance Band Set,Sports,11,14.99,164.89
2024-02-13,P010,Face Moisturiser SPF50,Beauty,18,18.99,341.82
2024-02-14,P001,Wireless Earbuds Pro,Electronics,14,29.99,419.86
2024-02-14,P002,Running Shoes X200,Footwear,7,59.99,419.93
2024-02-14,P003,Organic Green Tea (50 bags),Grocery,23,8.99,206.77
2024-02-14,P004,Yoga Mat Premium,Sports,6,24.99,149.94
2024-02-14,P005,USB-C Hub 7-in-1,Electronics,6,34.99,209.94
2024-02-14,P006,Protein Powder Vanilla 1kg,Health,20,39.99,799.8
2024-02-14,P007,Smart Water Bottle,Sports,14,19.99,279.86
2024-02-14,P008,Coffee Beans Premium 250g,Grocery,25,12.99,324.75
2024-02-14,P009,Resistance Band Set,Sports,10,14.99,149.9
2024-02-14,P010,Face Moisturiser SPF50,Beauty,10,18.99,189.9
2024-02-15,P001,Wireless Earbuds Pro,Electronics,8,29.99,239.92
2024-02-15,P002,Running Shoes X200,Footwear,4,59.99,239.96
2024-02-15,P003,Organic Green Tea (50 bags),Grocery,24,8.99,215.76
2024-02-15,P004,Yoga Mat Premium,Sports,4,24.99,99.96
2024-02-15,P005,USB-C Hub 7-in-1,Electronics,15,34.99,524.85
2024-02-15,P006,Protein Powder Vanilla 1kg,Health,16,39.99,639.84
2024-02-15,P007,Smart Water Bottle,Sports,10,19.99,199.9
2024-02-15,P008,Coffee Beans Premium 250g,Grocery,31,12.99,402.69
2024-02-15,P009,Resistance Band Set,Sports,15,14.99,224.85
2024-02-15,P010,Face Moisturiser SPF50,Beauty,18,18.99,341.82
2024-02-16,P001,Wireless Earbuds Pro,Electronics,13,29.99,389.87
2024-02-16,P002,Running Shoes X200,Footwear,11,59.99,659.89
2024-02-16,P003,Organic Green Tea (50 bags),Grocery,19,8.99,170.81
2024-02-16,P004,Yoga Mat Premium,Sports,2,24.99,49.98
2024-02-16,P005,USB-C Hub 7-in-1,Electronics,9,34.99,314.91
2024-02-16,P006,Protein Powder Vanilla 1kg,Health,13,39.99,519.87
2024-02-16,P007,Smart Water Bottle,Sports,6,19.99,119.94
2024-02-16,P008,Coffee Beans Premium 250g,Grocery,28,12.99,363.72
2024-02-16,P009,Resistance Band Set,Sports,9,14.99,134.91
2024-02-16,P010,Face Moisturiser SPF50,Beauty,17,18.99,322.83
2024-02-17,P001,Wireless Earbuds Pro,Electronics,10,29.99,299.9
2024-02-17,P002,Running Shoes X200,Footwear,9,59.99,539.91
2024-02-17,P003,Organic Green Tea (50 bags),Grocery,17,8.99,152.83
2024-02-17,P004,Yoga Mat Premium,Sports,6,24.99,149.94
2024-02-17,P005,USB-C Hub 7-in-1,Electronics,11,34.99,384.89
2024-02-17,P006,Protein Powder Vanilla 1kg,Health,14,39.99,559.86
2024-02-17,P007,Smart Water Bottle,Sports,5,19.99,99.95
2024-02-17,P008,Coffee Beans Premium 250g,Grocery,52,12.99,675.48
2024-02-17,P009,Resistance Band Set,Sports,9,14.99,134.91
2024-02-17,P010,Face Moisturiser SPF50,Beauty,19,18.99,360.81
2024-02-19,P001,Wireless Earbuds Pro,Electronics,14,29.99,419.86
2024-02-19,P002,Running Shoes X200,Footwear,11,59.99,659.89
2024-02-19,P003,Organic Green Tea (50 bags),Grocery,20,8.99,179.8
2024-02-19,P004,Yoga Mat Premium,Sports,7,24.99,174.93
2024-02-19,P005,USB-C Hub 7-in-1,Electronics,8,34.99,279.92
2024-02-19,P006,Protein Powder Vanilla 1kg,Health,12,39.99,479.88
2024-02-19,P007,Smart Water Bottle,Sports,16,19.99,319.84
2024-02-19,P008,Coffee Beans Premium 250g,Grocery,26,12.99,337.74
2024-02-19,P009,Resistance Band Set,Sports,8,14.99,119.92
2024-02-19,P010,Face Moisturiser SPF50,Beauty,13,18.99,246.87
2024-02-20,P001,Wireless Earbuds Pro,Electronics,15,29.99,449.85
2024-02-20,P002,Running Shoes X200,Footwear,10,59.99,599.9
2024-02-20,P003,Organic Green Tea (50 bags),Grocery,25,8.99,224.75
2024-02-20,P004,Yoga Mat Premium,Sports,5,24.99,124.95
2024-02-20,P005,USB-C Hub 7-in-1,Electronics,6,34.99,209.94
2024-02-20,P006,Protein Powder Vanilla 1kg,Health,15,39.99,599.85
2024-02-20,P007,Smart Water Bottle,Sports,7,19.99,139.93
2024-02-20,P008,Coffee Beans Premium 250g,Grocery,34,12.99,441.66
2024-02-20,P009,Resistance Band Set,Sports,9,14.99,134.91
2024-02-20,P010,Face Moisturiser SPF50,Beauty,15,18.99,284.85
2024-02-21,P001,Wireless Earbuds Pro,Electronics,12,29.99,359.88
2024-02-21,P002,Running Shoes X200,Footwear,10,59.99,599.9
2024-02-21,P003,Organic Green Tea (50 bags),Grocery,20,8.99,179.8
2024-02-21,P004,Yoga Mat Premium,Sports,8,24.99,199.92
2024-02-21,P005,USB-C Hub 7-in-1,Electronics,10,34.99,349.9
2024-02-21,P006,Protein Powder Vanilla 1kg,Health,16,39.99,639.84
2024-02-21,P007,Smart Water Bottle,Sports,8,19.99,159.92
2024-02-21,P008,Coffee Beans Premium 250g,Grocery,23,12.99,298.77
2024-02-21,P009,Resistance Band Set,Sports,10,14.99,149.9
2024-02-21,P010,Face Moisturiser SPF50,Beauty,9,18.99,170.91
2024-02-22,P001,Wireless Earbuds Pro,Electronics,11,29.99,329.89
2024-02-22,P002,Running Shoes X200,Footwear,17,59.99,1019.83
2024-02-22,P003,Organic Green Tea (50 bags),Grocery,22,8.99,197.78
2024-02-22,P004,Yoga Mat Premium,Sports,10,24.99,249.9
2024-02-22,P005,USB-C Hub 7-in-1,Electronics,11,34.99,384.89
2024-02-22,P006,Protein Powder Vanilla 1kg,Health,11,39.99,439.89
2024-02-22,P007,Smart Water Bottle,Sports,11,19.99,219.89
2024-02-22,P008,Coffee Beans Premium 250g,Grocery,24,12.99,311.76
2024-02-22,P009,Resistance Band Set,Sports,13,14.99,194.87
2024-02-22,P010,Face Moisturiser SPF50,Beauty,13,18.99,246.87
2024-02-23,P001,Wireless Earbuds Pro,Electronics,11,29.99,329.89
2024-02-23,P002,Running Shoes X200,Footwear,7,59.99,419.93
2024-02-23,P003,Organic Green Tea (50 bags),Grocery,25,8.99,224.75
2024-02-23,P004,Yoga Mat Premium,Sports,6,24.99,149.94
2024-02-23,P005,USB-C Hub 7-in-1,Electronics,10,34.99,349.9
2024-02-23,P006,Protein Powder Vanilla 1kg,Health,10,39.99,399.9
2024-02-23,P007,Smart Water Bottle,Sports,13,19.99,259.87
2024-02-23,P008,Coffee Beans Premium 250g,Grocery,30,12.99,389.7
2024-02-23,P009,Resistance Band Set,Sports,8,14.99,119.92
2024-02-23,P010,Face Moisturiser SPF50,Beauty,15,18.99,284.85
2024-02-24,P001,Wireless Earbuds Pro,Electronics,26,29.99,779.74
2024-02-24,P002,Running Shoes X200,Footwear,11,59.99,659.89
2024-02-24,P003,Organic Green Tea (50 bags),Grocery,29,8.99,260.71
2024-02-24,P004,Yoga Mat Premium,Sports,10,24.99,249.9
2024-02-24,P005,USB-C Hub 7-in-1,Electronics,10,34.99,349.9
2024-02-24,P006,Protein Powder Vanilla 1kg,Health,17,39.99,679.83
2024-02-24,P007,Smart Water Bottle,Sports,11,19.99,219.89
2024-02-24,P008,Coffee Beans Premium 250g,Grocery,39,12.99,506.61
2024-02-24,P009,Resistance Band Set,Sports,11,14.99,164.89
2024-02-24,P010,Face Moisturiser SPF50,Beauty,18,18.99,341.82
2024-02-26,P001,Wireless Earbuds Pro,Electronics,7,29.99,209.93
2024-02-26,P002,Running Shoes X200,Footwear,10,59.99,599.9
2024-02-26,P003,Organic Green Tea (50 bags),Grocery,30,8.99,269.7
2024-02-26,P004,Yoga Mat Premium,Sports,9,24.99,224.91
2024-02-26,P005,USB-C Hub 7-in-1,Electronics,5,34.99,174.95
2024-02-26,P006,Protein Powder Vanilla 1kg,Health,12,39.99,479.88
2024-02-26,P007,Smart Water Bottle,Sports,10,19.99,199.9
2024-02-26,P008,Coffee Beans Premium 250g,Grocery,31,12.99,402.69
2024-02-26,P009,Resistance Band Set,Sports,11,14.99,164.89
2024-02-26,P010,Face Moisturiser SPF50,Beauty,14,18.99,265.86
2024-02-27,P001,Wireless Earbuds Pro,Electronics,15,29.99,449.85
2024-02-27,P002,Running Shoes X200,Footwear,6,59.99,359.94
2024-02-27,P003,Organic Green Tea (50 bags),Grocery,21,8.99,188.79
2024-02-27,P004,Yoga Mat Premium,Sports,4,24.99,99.96
2024-02-27,P005,USB-C Hub 7-in-1,Electronics,11,34.99,384.89
2024-02-27,P006,Protein Powder Vanilla 1kg,Health,12,39.99,479.88
2024-02-27,P007,Smart Water Bottle,Sports,13,19.99,259.87
2024-02-27,P008,Coffee Beans Premium 250g,Grocery,26,12.99,337.74
2024-02-27,P009,Resistance Band Set,Sports,9,14.99,134.91
2024-02-27,P010,Face Moisturiser SPF50,Beauty,24,18.99,455.76
2024-02-28,P001,Wireless Earbuds Pro,Electronics,14,29.99,419.86
2024-02-28,P002,Running Shoes X200,Footwear,12,59.99,719.88
2024-02-28,P003,Organic Green Tea (50 bags),Grocery,27,8.99,242.73
2024-02-28,P004,Yoga Mat Premium,Sports,8,24.99,199.92
2024-02-28,P005,USB-C Hub 7-in-1,Electronics,6,34.99,209.94
2024-02-28,P006,Protein Powder Vanilla 1kg,Health,22,39.99,879.78
2024-02-28,P007,Smart Water Bottle,Sports,8,19.99,159.92
2024-02-28,P008,Coffee Beans Premium 250g,Grocery,23,12.99,298.77
2024-02-28,P009,Resistance Band Set,Sports,12,14.99,179.88
2024-02-28,P010,Face Moisturiser SPF50,Beauty,7,18.99,132.93
2024-02-29,P001,Wireless Earbuds Pro,Electronics,11,29.99,329.89
2024-02-29,P002,Running Shoes X200,Footwear,8,59.99,479.92
2024-02-29,P003,Organic Green Tea (50 bags),Grocery,25,8.99,224.75
2024-02-29,P004,Yoga Mat Premium,Sports,5,24.99,124.95
2024-02-29,P005,USB-C Hub 7-in-1,Electronics,9,34.99,314.91
2024-02-29,P006,Protein Powder Vanilla 1kg,Health,14,39.99,559.86
2024-02-29,P007,Smart Water Bottle,Sports,6,19.99,119.94
2024-02-29,P008,Coffee Beans Premium 250g,Grocery,35,12.99,454.65
2024-02-29,P009,Resistance Band Set,Sports,11,14.99,164.89
2024-02-29,P010,Face Moisturiser SPF50,Beauty,12,18.99,227.88
2024-03-01,P001,Wireless Earbuds Pro,Electronics,14,29.99,419.86
2024-03-01,P002,Running Shoes X200,Footwear,11,59.99,659.89
2024-03-01,P003,Organic Green Tea (50 bags),Grocery,34,8.99,305.66
2024-03-01,P004,Yoga Mat Premium,Sports,7,24.99,174.93
2024-03-01,P005,USB-C Hub 7-in-1,Electronics,15,34.99,524.85
2024-03-01,P006,Protein Powder Vanilla 1kg,Health,16,39.99,639.84
2024-03-01,P007,Smart Water Bottle,Sports,8,19.99,159.92
2024-03-01,P008,Coffee Beans Premium 250g,Grocery,41,12.99,532.59
2024-03-01,P009,Resistance Band Set,Sports,11,14.99,164.89
2024-03-01,P010,Face Moisturiser SPF50,Beauty,15,18.99,284.85
2024-03-02,P001,Wireless Earbuds Pro,Electronics,20,29.99,599.8
2024-03-02,P002,Running Shoes X200,Footwear,11,59.99,659.89
2024-03-02,P003,Organic Green Tea (50 bags),Grocery,33,8.99,296.67
2024-03-02,P004,Yoga Mat Premium,Sports,15,24.99,374.85
2024-03-02,P005,USB-C Hub 7-in-1,Electronics,13,34.99,454.87
2024-03-02,P006,Protein Powder Vanilla 1kg,Health,20,39.99,799.8
2024-03-02,P007,Smart Water Bottle,Sports,7,19.99,139.93
2024-03-02,P008,Coffee Beans Premium 250g,Grocery,34,12.99,441.66
2024-03-02,P009,Resistance Band Set,Sports,10,14.99,149.9
2024-03-02,P010,Face Moisturiser SPF50,Beauty,29,18.99,550.71
2024-03-04,P001,Wireless Earbuds Pro,Electronics,13,29.99,389.87
2024-03-04,P002,Running Shoes X200,Footwear,13,59.99,779.87
2024-03-04,P003,Organic Green Tea (50 bags),Grocery,15,8.99,134.85
2024-03-04,P004,Yoga Mat Premium,Sports,6,24.99,149.94
2024-03-04,P005,USB-C Hub 7-in-1,Electronics,12,34.99,419.88
2024-03-04,P006,Protein Powder Vanilla 1kg,Health,14,39.99,559.86
2024-03-04,P007,Smart Water Bottle,Sports,7,19.99,139.93
2024-03-04,P008,Coffee Beans Premium 250g,Grocery,28,12.99,363.72
2024-03-04,P009,Resistance Band Set,Sports,7,14.99,104.93
2024-03-04,P010,Face Moisturiser SPF50,Beauty,7,18.99,132.93
2024-03-05,P001,Wireless Earbuds Pro,Electronics,11,29.99,329.89
2024-03-05,P002,Running Shoes X200,Footwear,8,59.99,479.92
2024-03-05,P003,Organic Green Tea (50 bags),Grocery,18,8.99,161.82
2024-03-05,P004,Yoga Mat Premium,Sports,13,24.99,324.87
2024-03-05,P005,USB-C Hub 7-in-1,Electronics,10,34.99,349.9
2024-03-05,P006,Protein Powder Vanilla 1kg,Health,11,39.99,439.89
2024-03-05,P007,Smart Water Bottle,Sports,9,19.99,179.91
2024-03-05,P008,Coffee Beans Premium 250g,Grocery,26,12.99,337.74
2024-03-05,P009,Resistance Band Set,Sports,15,14.99,224.85
2024-03-05,P010,Face Moisturiser SPF50,Beauty,17,18.99,322.83
2024-03-06,P001,Wireless Earbuds Pro,Electronics,18,29.99,539.82
2024-03-06,P002,Running Shoes X200,Footwear,11,59.99,659.89
2024-03-06,P003,Organic Green Tea (50 bags),Grocery,29,8.99,260.71
2024-03-06,P004,Yoga Mat Premium,Sports,5,24.99,124.95
2024-03-06,P005,USB-C Hub 7-in-1,Electronics,8,34.99,279.92
2024-03-06,P006,Protein Powder Vanilla 1kg,Health,19,39.99,759.81
2024-03-06,P007,Smart Water Bottle,Sports,11,19.99,219.89
2024-03-06,P008,Coffee Beans Premium 250g,Grocery,32,12.99,415.68
2024-03-06,P009,Resistance Band Set,Sports,6,14.99,89.94
2024-03-06,P010,Face Moisturiser SPF50,Beauty,18,18.99,341.82
2024-03-07,P001,Wireless Earbuds Pro,Electronics,7,29.99,209.93
2024-03-07,P002,Running Shoes X200,Footwear,10,59.99,599.9
2024-03-07,P003,Organic Green Tea (50 bags),Grocery,20,8.99,179.8
2024-03-07,P004,Yoga Mat Premium,Sports,8,24.99,199.92
2024-03-07,P005,USB-C Hub 7-in-1,Electronics,10,34.99,349.9
2024-03-07,P006,Protein Powder Vanilla 1kg,Health,13,39.99,519.87
2024-03-07,P007,Smart Water Bottle,Sports,6,19.99,119.94
2024-03-07,P008,Coffee Beans Premium 250g,Grocery,23,12.99,298.77
2024-03-07,P009,Resistance Band Set,Sports,14,14.99,209.86
2024-03-07,P010,Face Moisturiser SPF50,Beauty,15,18.99,284.85
2024-03-08,P001,Wireless Earbuds Pro,Electronics,7,29.99,209.93
2024-03-08,P002,Running Shoes X200,Footwear,8,59.99,479.92
2024-03-08,P003,Organic Green Tea (50 bags),Grocery,23,8.99,206.77
2024-03-08,P004,Yoga Mat Premium,Sports,10,24.99,249.9
2024-03-08,P005,USB-C Hub 7-in-1,Electronics,9,34.99,314.91
2024-03-08,P006,Protein Powder Vanilla 1kg,Health,9,39.99,359.91
2024-03-08,P007,Smart Water Bottle,Sports,4,19.99,79.96
2024-03-08,P008,Coffee Beans Premium 250g,Grocery,33,12.99,428.67
2024-03-08,P009,Resistance Band Set,Sports,9,14.99,134.91
2024-03-08,P010,Face Moisturiser SPF50,Beauty,14,18.99,265.86
2024-03-09,P001,Wireless Earbuds Pro,Electronics,17,29.99,509.83
2024-03-09,P002,Running Shoes X200,Footwear,18,59.99,1079.82
2024-03-09,P003,Organic Green Tea (50 bags),Grocery,33,8.99,296.67
2024-03-09,P004,Yoga Mat Premium,Sports,6,24.99,149.94
2024-03-09,P005,USB-C Hub 7-in-1,Electronics,15,34.99,524.85
2024-03-09,P006,Protein Powder Vanilla 1kg,Health,20,39.99,799.8
2024-03-09,P007,Smart Water Bottle,Sports,16,19.99,319.84
2024-03-09,P008,Coffee Beans Premium 250g,Grocery,47,12.99,610.53
2024-03-09,P009,Resistance Band Set,Sports,17,14.99,254.83
2024-03-09,P010,Face Moisturiser SPF50,Beauty,13,18.99,246.87
2024-03-11,P001,Wireless Earbuds Pro,Electronics,9,29.99,269.91
2024-03-11,P002,Running Shoes X200,Footwear,4,59.99,239.96
2024-03-11,P003,Organic Green Tea (50 bags),Grocery,26,8.99,233.74
2024-03-11,P004,Yoga Mat Premium,Sports,6,24.99,149.94
2024-03-11,P005,USB-C Hub 7-in-1,Electronics,19,34.99,664.81
2024-03-11,P006,Protein Powder Vanilla 1kg,Health,15,39.99,599.85
2024-03-11,P007,Smart Water Bottle,Sports,13,19.99,259.87
2024-03-11,P008,Coffee Beans Premium 250g,Grocery,28,12.99,363.72
2024-03-11,P009,Resistance Band Set,Sports,15,14.99,224.85
2024-03-11,P010,Face Moisturiser SPF50,Beauty,8,18.99,151.92
2024-03-12,P001,Wireless Earbuds Pro,Electronics,13,29.99,389.87
2024-03-12,P002,Running Shoes X200,Footwear,8,59.99,479.92
2024-03-12,P003,Organic Green Tea (50 bags),Grocery,25,8.99,224.75
2024-03-12,P004,Yoga Mat Premium,Sports,9,24.99,224.91
2024-03-12,P005,USB-C Hub 7-in-1,Electronics,12,34.99,419.88
2024-03-12,P006,Protein Powder Vanilla 1kg,Health,18,39.99,719.82
2024-03-12,P007,Smart Water Bottle,Sports,6,19.99,119.94
2024-03-12,P008,Coffee Beans Premium 250g,Grocery,31,12.99,402.69
2024-03-12,P009,Resistance Band Set,Sports,10,14.99,149.9
2024-03-12,P010,Face Moisturiser SPF50,Beauty,16,18.99,303.84
2024-03-13,P001,Wireless Earbuds Pro,Electronics,9,29.99,269.91
2024-03-13,P002,Running Shoes X200,Footwear,8,59.99,479.92
2024-03-13,P003,Organic Green Tea (50 bags),Grocery,37,8.99,332.63
2024-03-13,P004,Yoga Mat Premium,Sports,4,24.99,99.96
2024-03-13,P005,USB-C Hub 7-in-1,Electronics,9,34.99,314.91
2024-03-13,P006,Protein Powder Vanilla 1kg,Health,19,39.99,759.81
2024-03-13,P007,Smart Water Bottle,Sports,14,19.99,279.86
2024-03-13,P008,Coffee Beans Premium 250g,Grocery,33,12.99,428.67
2024-03-13,P009,Resistance Band Set,Sports,9,14.99,134.91
2024-03-13,P010,Face Moisturiser SPF50,Beauty,15,18.99,284.85
2024-03-14,P001,Wireless Earbuds Pro,Electronics,11,29.99,329.89
2024-03-14,P002,Running Shoes X200,Footwear,6,59.99,359.94
2024-03-14,P003,Organic Green Tea (50 bags),Grocery,25,8.99,224.75
2024-03-14,P004,Yoga Mat Premium,Sports,6,24.99,149.94
2024-03-14,P005,USB-C Hub 7-in-1,Electronics,12,34.99,419.88
2024-03-14,P006,Protein Powder Vanilla 1kg,Health,19,39.99,759.81
2024-03-14,P007,Smart Water Bottle,Sports,8,19.99,159.92
2024-03-14,P008,Coffee Beans Premium 250g,Grocery,36,12.99,467.64
2024-03-14,P009,Resistance Band Set,Sports,11,14.99,164.89
2024-03-14,P010,Face Moisturiser SPF50,Beauty,17,18.99,322.83
2024-03-15,P001,Wireless Earbuds Pro,Electronics,15,29.99,449.85
2024-03-15,P002,Running Shoes X200,Footwear,14,59.99,839.86
2024-03-15,P003,Organic Green Tea (50 bags),Grocery,31,8.99,278.69
2024-03-15,P004,Yoga Mat Premium,Sports,6,24.99,149.94
2024-03-15,P005,USB-C Hub 7-in-1,Electronics,10,34.99,349.9
2024-03-15,P006,Protein Powder Vanilla 1kg,Health,16,39.99,639.84
2024-03-15,P007,Smart Water Bottle,Sports,15,19.99,299.85
2024-03-15,P008,Coffee Beans Premium 250g,Grocery,25,12.99,324.75
2024-03-15,P009,Resistance Band Set,Sports,15,14.99,224.85
2024-03-15,P010,Face Moisturiser SPF50,Beauty,10,18.99,189.9
2024-03-16,P001,Wireless Earbuds Pro,Electronics,23,29.99,689.77
2024-03-16,P002,Running Shoes X200,Footwear,10,59.99,599.9
2024-03-16,P003,Organic Green Tea (50 bags),Grocery,25,8.99,224.75
2024-03-16,P004,Yoga Mat Premium,Sports,15,24.99,374.85
2024-03-16,P005,USB-C Hub 7-in-1,Electronics,12,34.99,419.88
2024-03-16,P006,Protein Powder Vanilla 1kg,Health,26,39.99,1039.74
2024-03-16,P007,Smart Water Bottle,Sports,11,19.99,219.89
2024-03-16,P008,Coffee Beans Premium 250g,Grocery,39,12.99,506.61
2024-03-16,P009,Resistance Band Set,Sports,10,14.99,149.9
2024-03-16,P010,Face Moisturiser SPF50,Beauty,20,18.99,379.8
2024-03-18,P001,Wireless Earbuds Pro,Electronics,10,29.99,299.9
2024-03-18,P002,Running Shoes X200,Footwear,4,59.99,239.96
2024-03-18,P003,Organic Green Tea (50 bags),Grocery,29,8.99,260.71
2024-03-18,P004,Yoga Mat Premium,Sports,4,24.99,99.96
2024-03-18,P005,USB-C Hub 7-in-1,Electronics,8,34.99,279.92
2024-03-18,P006,Protein Powder Vanilla 1kg,Health,15,39.99,599.85
2024-03-18,P007,Smart Water Bottle,Sports,16,19.99,319.84
2024-03-18,P008,Coffee Beans Premium 250g,Grocery,40,12.99,519.6
2024-03-18,P009,Resistance Band Set,Sports,17,14.99,254.83
2024-03-18,P010,Face Moisturiser SPF50,Beauty,13,18.99,246.87
2024-03-19,P001,Wireless Earbuds Pro,Electronics,11,29.99,329.89
2024-03-19,P002,Running Shoes X200,Footwear,11,59.99,659.89
2024-03-19,P003,Organic Green Tea (50 bags),Grocery,32,8.99,287.68
2024-03-19,P004,Yoga Mat Premium,Sports,11,24.99,274.89
2024-03-19,P005,USB-C Hub 7-in-1,Electronics,16,34.99,559.84
2024-03-19,P006,Protein Powder Vanilla 1kg,Health,15,39.99,599.85
2024-03-19,P007,Smart Water Bottle,Sports,6,19.99,119.94
2024-03-19,P008,Coffee Beans Premium 250g,Grocery,30,12.99,389.7
2024-03-19,P009,Resistance Band Set,Sports,9,14.99,134.91
2024-03-19,P010,Face Moisturiser SPF50,Beauty,16,18.99,303.84
2024-03-20,P001,Wireless Earbuds Pro,Electronics,16,29.99,479.84
2024-03-20,P002,Running Shoes X200,Footwear,12,59.99,719.88
2024-03-20,P003,Organic Green Tea (50 bags),Grocery,22,8.99,197.78
2024-03-20,P004,Yoga Mat Premium,Sports,5,24.99,124.95
2024-03-20,P005,USB-C Hub 7-in-1,Electronics,13,34.99,454.87
2024-03-20,P006,Protein Powder Vanilla 1kg,Health,18,39.99,719.82
2024-03-20,P007,Smart Water Bottle,Sports,11,19.99,219.89
2024-03-20,P008,Coffee Beans Premium 250g,Grocery,36,12.99,467.64
2024-03-20,P009,Resistance Band Set,Sports,8,14.99,119.92
2024-03-20,P010,Face Moisturiser SPF50,Beauty,13,18.99,246.87
2024-03-21,P001,Wireless Earbuds Pro,Electronics,11,29.99,329.89
2024-03-21,P002,Running Shoes X200,Footwear,5,59.99,299.95
2024-03-21,P003,Organic Green Tea (50 bags),Grocery,22,8.99,197.78
2024-03-21,P004,Yoga Mat Premium,Sports,5,24.99,124.95
2024-03-21,P005,USB-C Hub 7-in-1,Electronics,9,34.99,314.91
2024-03-21,P006,Protein Powder Vanilla 1kg,Health,14,39.99,559.86
2024-03-21,P007,Smart Water Bottle,Sports,9,19.99,179.91
2024-03-21,P008,Coffee Beans Premium 250g,Grocery,31,12.99,402.69
2024-03-21,P009,Resistance Band Set,Sports,15,14.99,224.85
2024-03-21,P010,Face Moisturiser SPF50,Beauty,17,18.99,322.83
2024-03-22,P001,Wireless Earbuds Pro,Electronics,11,29.99,329.89
2024-03-22,P002,Running Shoes X200,Footwear,9,59.99,539.91
2024-03-22,P003,Organic Green Tea (50 bags),Grocery,26,8.99,233.74
2024-03-22,P004,Yoga Mat Premium,Sports,7,24.99,174.93
2024-03-22,P005,USB-C Hub 7-in-1,Electronics,7,34.99,244.93
2024-03-22,P006,Protein Powder Vanilla 1kg,Health,22,39.99,879.78
2024-03-22,P007,Smart Water Bottle,Sports,11,19.99,219.89
2024-03-22,P008,Coffee Beans Premium 250g,Grocery,26,12.99,337.74
2024-03-22,P009,Resistance Band Set,Sports,14,14.99,209.86
2024-03-22,P010,Face Moisturiser SPF50,Beauty,12,18.99,227.88
2024-03-23,P001,Wireless Earbuds Pro,Electronics,15,29.99,449.85
2024-03-23,P002,Running Shoes X200,Footwear,8,59.99,479.92
2024-03-23,P003,Organic Green Tea (50 bags),Grocery,39,8.99,350.61
2024-03-23,P004,Yoga Mat Premium,Sports,12,24.99,299.88
2024-03-23,P005,USB-C Hub 7-in-1,Electronics,14,34.99,489.86
2024-03-23,P006,Protein Powder Vanilla 1kg,Health,25,39.99,999.75
2024-03-23,P007,Smart Water Bottle,Sports,21,19.99,419.79
2024-03-23,P008,Coffee Beans Premium 250g,Grocery,38,12.99,493.62
2024-03-23,P009,Resistance Band Set,Sports,8,14.99,119.92
2024-03-23,P010,Face Moisturiser SPF50,Beauty,14,18.99,265.86
2024-03-25,P001,Wireless Earbuds Pro,Electronics,9,29.99,269.91
2024-03-25,P002,Running Shoes X200,Footwear,4,59.99,239.96
2024-03-25,P003,Organic Green Tea (50 bags),Grocery,25,8.99,224.75
2024-03-25,P004,Yoga Mat Premium,Sports,11,24.99,274.89
2024-03-25,P005,USB-C Hub 7-in-1,Electronics,11,34.99,384.89
2024-03-25,P006,Protein Powder Vanilla 1kg,Health,20,39.99,799.8
2024-03-25,P007,Smart Water Bottle,Sports,7,19.99,139.93
2024-03-25,P008,Coffee Beans Premium 250g,Grocery,35,12.99,454.65
2024-03-25,P009,Resistance Band Set,Sports,10,14.99,149.9
2024-03-25,P010,Face Moisturiser SPF50,Beauty,16,18.99,303.84
2024-03-26,P001,Wireless Earbuds Pro,Electronics,18,29.99,539.82
2024-03-26,P002,Running Shoes X200,Footwear,15,59.99,899.85
2024-03-26,P003,Organic Green Tea (50 bags),Grocery,26,8.99,233.74
2024-03-26,P004,Yoga Mat Premium,Sports,5,24.99,124.95
2024-03-26,P005,USB-C Hub 7-in-1,Electronics,12,34.99,419.88
2024-03-26,P006,Protein Powder Vanilla 1kg,Health,20,39.99,799.8
2024-03-26,P007,Smart Water Bottle,Sports,9,19.99,179.91
2024-03-26,P008,Coffee Beans Premium 250g,Grocery,34,12.99,441.66
2024-03-26,P009,Resistance Band Set,Sports,8,14.99,119.92
2024-03-26,P010,Face Moisturiser SPF50,Beauty,17,18.99,322.83
2024-03-27,P001,Wireless Earbuds Pro,Electronics,13,29.99,389.87
2024-03-27,P002,Running Shoes X200,Footwear,8,59.99,479.92
2024-03-27,P003,Organic Green Tea (50 bags),Grocery,28,8.99,251.72
2024-03-27,P004,Yoga Mat Premium,Sports,12,24.99,299.88
2024-03-27,P005,USB-C Hub 7-in-1,Electronics,11,34.99,384.89
2024-03-27,P006,Protein Powder Vanilla 1kg,Health,14,39.99,559.86
2024-03-27,P007,Smart Water Bottle,Sports,9,19.99,179.91
2024-03-27,P008,Coffee Beans Premium 250g,Grocery,26,12.99,337.74
2024-03-27,P009,Resistance Band Set,Sports,14,14.99,209.86
2024-03-27,P010,Face Moisturiser SPF50,Beauty,10,18.99,189.9
2024-03-28,P001,Wireless Earbuds Pro,Electronics,12,29.99,359.88
2024-03-28,P002,Running Shoes X200,Footwear,13,59.99,779.87
2024-03-28,P003,Organic Green Tea (50 bags),Grocery,26,8.99,233.74
2024-03-28,P004,Yoga Mat Premium,Sports,5,24.99,124.95
2024-03-28,P005,USB-C Hub 7-in-1,Electronics,16,34.99,559.84
2024-03-28,P006,Protein Powder Vanilla 1kg,Health,12,39.99,479.88
2024-03-28,P007,Smart Water Bottle,Sports,12,19.99,239.88
2024-03-28,P008,Coffee Beans Premium 250g,Grocery,28,12.99,363.72
2024-03-28,P009,Resistance Band Set,Sports,10,14.99,149.9
2024-03-28,P010,Face Moisturiser SPF50,Beauty,16,18.99,303.84
2024-03-29,P001,Wireless Earbuds Pro,Electronics,19,29.99,569.81
2024-03-29,P002,Running Shoes X200,Footwear,13,59.99,779.87
2024-03-29,P003,Organic Green Tea (50 bags),Grocery,28,8.99,251.72
2024-03-29,P004,Yoga Mat Premium,Sports,8,24.99,199.92
2024-03-29,P005,USB-C Hub 7-in-1,Electronics,13,34.99,454.87
2024-03-29,P006,Protein Powder Vanilla 1kg,Health,12,39.99,479.88
2024-03-29,P007,Smart Water Bottle,Sports,6,19.99,119.94
2024-03-29,P008,Coffee Beans Premium 250g,Grocery,27,12.99,350.73
2024-03-29,P009,Resistance Band Set,Sports,14,14.99,209.86
2024-03-29,P010,Face Moisturiser SPF50,Beauty,10,18.99,189.9
2024-03-30,P001,Wireless Earbuds Pro,Electronics,15,29.99,449.85
2024-03-30,P002,Running Shoes X200,Footwear,7,59.99,419.93
2024-03-30,P003,Organic Green Tea (50 bags),Grocery,41,8.99,368.59
2024-03-30,P004,Yoga Mat Premium,Sports,10,24.99,249.9
2024-03-30,P005,USB-C Hub 7-in-1,Electronics,12,34.99,419.88
2024-03-30,P006,Protein Powder Vanilla 1kg,Health,22,39.99,879.78
2024-03-30,P007,Smart Water Bottle,Sports,15,19.99,299.85
2024-03-30,P008,Coffee Beans Premium 250g,Grocery,46,12.99,597.54
2024-03-30,P009,Resistance Band Set,Sports,12,14.99,179.88
2024-03-30,P010,Face Moisturiser SPF50,Beauty,21,18.99,398.79
2024-04-01,P001,Wireless Earbuds Pro,Electronics,10,29.99,299.9
2024-04-01,P002,Running Shoes X200,Footwear,13,59.99,779.87
2024-04-01,P003,Organic Green Tea (50 bags),Grocery,25,8.99,224.75
2024-04-01,P004,Yoga Mat Premium,Sports,13,24.99,324.87
2024-04-01,P005,USB-C Hub 7-in-1,Electronics,11,34.99,384.89
2024-04-01,P006,Protein Powder Vanilla 1kg,Health,19,39.99,759.81
2024-04-01,P007,Smart Water Bottle,Sports,11,19.99,219.89
2024-04-01,P008,Coffee Beans Premium 250g,Grocery,39,12.99,506.61
2024-04-01,P009,Resistance Band Set,Sports,21,14.99,314.79
2024-04-01,P010,Face Moisturiser SPF50,Beauty,24,18.99,455.76
2024-04-02,P001,Wireless Earbuds Pro,Electronics,14,29.99,419.86
2024-04-02,P002,Running Shoes X200,Footwear,18,59.99,1079.82
2024-04-02,P003,Organic Green Tea (50 bags),Grocery,21,8.99,188.79
2024-04-02,P004,Yoga Mat Premium,Sports,8,24.99,199.92
2024-04-02,P005,USB-C Hub 7-in-1,Electronics,10,34.99,349.9
2024-04-02,P006,Protein Powder Vanilla 1kg,Health,15,39.99,599.85
2024-04-02,P007,Smart Water Bottle,Sports,13,19.99,259.87
2024-04-02,P008,Coffee Beans Premium 250g,Grocery,41,12.99,532.59
2024-04-02,P009,Resistance Band Set,Sports,15,14.99,224.85
2024-04-02,P010,Face Moisturiser SPF50,Beauty,14,18.99,265.86
2024-04-03,P001,Wireless Earbuds Pro,Electronics,13,29.99,389.87
2024-04-03,P002,Running Shoes X200,Footwear,7,59.99,419.93
2024-04-03,P003,Organic Green Tea (50 bags),Grocery,34,8.99,305.66
2024-04-03,P004,Yoga Mat Premium,Sports,2,24.99,49.98
2024-04-03,P005,USB-C Hub 7-in-1,Electronics,8,34.99,279.92
2024-04-03,P006,Protein Powder Vanilla 1kg,Health,18,39.99,719.82
2024-04-03,P007,Smart Water Bottle,Sports,10,19.99,199.9
2024-04-03,P008,Coffee Beans Premium 250g,Grocery,33,12.99,428.67
2024-04-03,P009,Resistance Band Set,Sports,18,14.99,269.82
2024-04-03,P010,Face Moisturiser SPF50,Beauty,16,18.99,303.84
2024-04-04,P001,Wireless Earbuds Pro,Electronics,6,29.99,179.94
2024-04-04,P002,Running Shoes X200,Footwear,8,59.99,479.92
2024-04-04,P003,Organic Green Tea (50 bags),Grocery,24,8.99,215.76
2024-04-04,P004,Yoga Mat Premium,Sports,13,24.99,324.87
2024-04-04,P005,USB-C Hub 7-in-1,Electronics,14,34.99,489.86
2024-04-04,P006,Protein Powder Vanilla 1kg,Health,22,39.99,879.78
2024-04-04,P007,Smart Water Bottle,Sports,7,19.99,139.93
2024-04-04,P008,Coffee Beans Premium 250g,Grocery,37,12.99,480.63
2024-04-04,P009,Resistance Band Set,Sports,12,14.99,179.88
2024-04-04,P010,Face Moisturiser SPF50,Beauty,27,18.99,512.73
2024-04-05,P001,Wireless Earbuds Pro,Electronics,15,29.99,449.85
2024-04-05,P002,Running Shoes X200,Footwear,13,59.99,779.87
2024-04-05,P003,Organic Green Tea (50 bags),Grocery,42,8.99,377.58
2024-04-05,P004,Yoga Mat Premium,Sports,3,24.99,74.97
2024-04-05,P005,USB-C Hub 7-in-1,Electronics,7,34.99,244.93
2024-04-05,P006,Protein Powder Vanilla 1kg,Health,14,39.99,559.86
2024-04-05,P007,Smart Water Bottle,Sports,15,19.99,299.85
2024-04-05,P008,Coffee Beans Premium 250g,Grocery,36,12.99,467.64
2024-04-05,P009,Resistance Band Set,Sports,13,14.99,194.87
2024-04-05,P010,Face Moisturiser SPF50,Beauty,22,18.99,417.78
2024-04-06,P001,Wireless Earbuds Pro,Electronics,25,29.99,749.75
2024-04-06,P002,Running Shoes X200,Footwear,11,59.99,659.89
2024-04-06,P003,Organic Green Tea (50 bags),Grocery,38,8.99,341.62
2024-04-06,P004,Yoga Mat Premium,Sports,11,24.99,274.89
2024-04-06,P005,USB-C Hub 7-in-1,Electronics,14,34.99,489.86
2024-04-06,P006,Protein Powder Vanilla 1kg,Health,23,39.99,919.77
2024-04-06,P007,Smart Water Bottle,Sports,9,19.99,179.91
2024-04-06,P008,Coffee Beans Premium 250g,Grocery,38,12.99,493.62
2024-04-06,P009,Resistance Band Set,Sports,20,14.99,299.8
2024-04-06,P010,Face Moisturiser SPF50,Beauty,20,18.99,379.8
2024-04-08,P001,Wireless Earbuds Pro,Electronics,12,29.99,359.88
2024-04-08,P002,Running Shoes X200,Footwear,7,59.99,419.93
2024-04-08,P003,Organic Green Tea (50 bags),Grocery,27,8.99,242.73
2024-04-08,P004,Yoga Mat Premium,Sports,8,24.99,199.92
2024-04-08,P005,USB-C Hub 7-in-1,Electronics,11,34.99,384.89
2024-04-08,P006,Protein Powder Vanilla 1kg,Health,15,39.99,599.85
2024-04-08,P007,Smart Water Bottle,Sports,12,19.99,239.88
2024-04-08,P008,Coffee Beans Premium 250g,Grocery,26,12.99,337.74
2024-04-08,P009,Resistance Band Set,Sports,11,14.99,164.89
2024-04-08,P010,Face Moisturiser SPF50,Beauty,23,18.99,436.77
2024-04-09,P001,Wireless Earbuds Pro,Electronics,14,29.99,419.86
2024-04-09,P002,Running Shoes X200,Footwear,13,59.99,779.87
2024-04-09,P003,Organic Green Tea (50 bags),Grocery,25,8.99,224.75
2024-04-09,P004,Yoga Mat Premium,Sports,7,24.99,174.93
2024-04-09,P005,USB-C Hub 7-in-1,Electronics,13,34.99,454.87
2024-04-09,P006,Protein Powder Vanilla 1kg,Health,16,39.99,639.84
2024-04-09,P007,Smart Water Bottle,Sports,11,19.99,219.89
2024-04-09,P008,Coffee Beans Premium 250g,Grocery,53,12.99,688.47
2024-04-09,P009,Resistance Band Set,Sports,18,14.99,269.82
2024-04-09,P010,Face Moisturiser SPF50,Beauty,15,18.99,284.85
2024-04-10,P001,Wireless Earbuds Pro,Electronics,13,29.99,389.87
2024-04-10,P002,Running Shoes X200,Footwear,6,59.99,359.94
2024-04-10,P003,Organic Green Tea (50 bags),Grocery,24,8.99,215.76
2024-04-10,P004,Yoga Mat Premium,Sports,10,24.99,249.9
2024-04-10,P005,USB-C Hub 7-in-1,Electronics,7,34.99,244.93
2024-04-10,P006,Protein Powder Vanilla 1kg,Health,19,39.99,759.81
2024-04-10,P007,Smart Water Bottle,Sports,15,19.99,299.85
2024-04-10,P008,Coffee Beans Premium 250g,Grocery,34,12.99,441.66
2024-04-10,P009,Resistance Band Set,Sports,12,14.99,179.88
2024-04-10,P010,Face Moisturiser SPF50,Beauty,22,18.99,417.78
2024-04-11,P001,Wireless Earbuds Pro,Electronics,18,29.99,539.82
2024-04-11,P002,Running Shoes X200,Footwear,7,59.99,419.93
2024-04-11,P003,Organic Green Tea (50 bags),Grocery,34,8.99,305.66
2024-04-11,P004,Yoga Mat Premium,Sports,7,24.99,174.93
2024-04-11,P005,USB-C Hub 7-in-1,Electronics,11,34.99,384.89
2024-04-11,P006,Protein Powder Vanilla 1kg,Health,18,39.99,719.82
2024-04-11,P007,Smart Water Bottle,Sports,9,19.99,179.91
2024-04-11,P008,Coffee Beans Premium 250g,Grocery,29,12.99,376.71
2024-04-11,P009,Resistance Band Set,Sports,8,14.99,119.92
2024-04-11,P010,Face Moisturiser SPF50,Beauty,24,18.99,455.76
2024-04-12,P001,Wireless Earbuds Pro,Electronics,21,29.99,629.79
2024-04-12,P002,Running Shoes X200,Footwear,8,59.99,479.92
2024-04-12,P003,Organic Green Tea (50 bags),Grocery,29,8.99,260.71
2024-04-12,P004,Yoga Mat Premium,Sports,5,24.99,124.95
2024-04-12,P005,USB-C Hub 7-in-1,Electronics,19,34.99,664.81
2024-04-12,P006,Protein Powder Vanilla 1kg,Health,10,39.99,399.9
2024-04-12,P007,Smart Water Bottle,Sports,16,19.99,319.84
2024-04-12,P008,Coffee Beans Premium 250g,Grocery,34,12.99,441.66
2024-04-12,P009,Resistance Band Set,Sports,9,14.99,134.91
2024-04-12,P010,Face Moisturiser SPF50,Beauty,12,18.99,227.88
2024-04-13,P001,Wireless Earbuds Pro,Electronics,12,29.99,359.88
2024-04-13,P002,Running Shoes X200,Footwear,12,59.99,719.88
2024-04-13,P003,Organic Green Tea (50 bags),Grocery,37,8.99,332.63
2024-04-13,P004,Yoga Mat Premium,Sports,11,24.99,274.89
2024-04-13,P005,USB-C Hub 7-in-1,Electronics,18,34.99,629.82
2024-04-13,P006,Protein Powder Vanilla 1kg,Health,27,39.99,1079.73
2024-04-13,P007,Smart Water Bottle,Sports,10,19.99,199.9
2024-04-13,P008,Coffee Beans Premium 250g,Grocery,41,12.99,532.59
2024-04-13,P009,Resistance Band Set,Sports,18,14.99,269.82
2024-04-13,P010,Face Moisturiser SPF50,Beauty,16,18.99,303.84
2024-04-15,P001,Wireless Earbuds Pro,Electronics,12,29.99,359.88
2024-04-15,P002,Running Shoes X200,Footwear,8,59.99,479.92
2024-04-15,P003,Organic Green Tea (50 bags),Grocery,27,8.99,242.73
2024-04-15,P004,Yoga Mat Premium,Sports,5,24.99,124.95
2024-04-15,P005,USB-C Hub 7-in-1,Electronics,16,34.99,559.84
2024-04-15,P006,Protein Powder Vanilla 1kg,Health,25,39.99,999.75
2024-04-15,P007,Smart Water Bottle,Sports,8,19.99,159.92
2024-04-15,P008,Coffee Beans Premium 250g,Grocery,33,12.99,428.67
2024-04-15,P009,Resistance Band Set,Sports,11,14.99,164.89
2024-04-15,P010,Face Moisturiser SPF50,Beauty,14,18.99,265.86
2024-04-16,P001,Wireless Earbuds Pro,Electronics,16,29.99,479.84
2024-04-16,P002,Running Shoes X200,Footwear,8,59.99,479.92
2024-04-16,P003,Organic Green Tea (50 bags),Grocery,26,8.99,233.74
2024-04-16,P004,Yoga Mat Premium,Sports,4,24.99,99.96
2024-04-16,P005,USB-C Hub 7-in-1,Electronics,13,34.99,454.87
2024-04-16,P006,Protein Powder Vanilla 1kg,Health,18,39.99,719.82
2024-04-16,P007,Smart Water Bottle,Sports,8,19.99,159.92
2024-04-16,P008,Coffee Beans Premium 250g,Grocery,29,12.99,376.71
2024-04-16,P009,Resistance Band Set,Sports,13,14.99,194.87
2024-04-16,P010,Face Moisturiser SPF50,Beauty,19,18.99,360.81
2024-04-17,P001,Wireless Earbuds Pro,Electronics,18,29.99,539.82
2024-04-17,P002,Running Shoes X200,Footwear,17,59.99,1019.83
2024-04-17,P003,Organic Green Tea (50 bags),Grocery,37,8.99,332.63
2024-04-17,P004,Yoga Mat Premium,Sports,9,24.99,224.91
2024-04-17,P005,USB-C Hub 7-in-1,Electronics,12,34.99,419.88
2024-04-17,P006,Protein Powder Vanilla 1kg,Health,23,39.99,919.77
2024-04-17,P007,Smart Water Bottle,Sports,12,19.99,239.88
2024-04-17,P008,Coffee Beans Premium 250g,Grocery,32,12.99,415.68
2024-04-17,P009,Resistance Band Set,Sports,13,14.99,194.87
2024-04-17,P010,Face Moisturiser SPF50,Beauty,12,18.99,227.88
2024-04-18,P001,Wireless Earbuds Pro,Electronics,13,29.99,389.87
2024-04-18,P002,Running Shoes X200,Footwear,9,59.99,539.91
2024-04-18,P003,Organic Green Tea (50 bags),Grocery,30,8.99,269.7
2024-04-18,P004,Yoga Mat Premium,Sports,10,24.99,249.9
2024-04-18,P005,USB-C Hub 7-in-1,Electronics,10,34.99,349.9
2024-04-18,P006,Protein Powder Vanilla 1kg,Health,7,39.99,279.93
2024-04-18,P007,Smart Water Bottle,Sports,6,19.99,119.94
2024-04-18,P008,Coffee Beans Premium 250g,Grocery,44,12.99,571.56
2024-04-18,P009,Resistance Band Set,Sports,16,14.99,239.84
2024-04-18,P010,Face Moisturiser SPF50,Beauty,20,18.99,379.8
2024-04-19,P001,Wireless Earbuds Pro,Electronics,11,29.99,329.89
2024-04-19,P002,Running Shoes X200,Footwear,12,59.99,719.88
2024-04-19,P003,Organic Green Tea (50 bags),Grocery,37,8.99,332.63
2024-04-19,P004,Yoga Mat Premium,Sports,14,24.99,349.86
2024-04-19,P005,USB-C Hub 7-in-1,Electronics,12,34.99,419.88
2024-04-19,P006,Protein Powder Vanilla 1kg,Health,19,39.99,759.81
2024-04-19,P007,Smart Water Bottle,Sports,11,19.99,219.89
2024-04-19,P008,Coffee Beans Premium 250g,Grocery,33,12.99,428.67
2024-04-19,P009,Resistance Band Set,Sports,24,14.99,359.76
2024-04-19,P010,Face Moisturiser SPF50,Beauty,27,18.99,512.73
2024-04-20,P001,Wireless Earbuds Pro,Electronics,28,29.99,839.72
2024-04-20,P002,Running Shoes X200,Footwear,13,59.99,779.87
2024-04-20,P003,Organic Green Tea (50 bags),Grocery,35,8.99,314.65
2024-04-20,P004,Yoga Mat Premium,Sports,19,24.99,474.81
2024-04-20,P005,USB-C Hub 7-in-1,Electronics,9,34.99,314.91
2024-04-20,P006,Protein Powder Vanilla 1kg,Health,22,39.99,879.78
2024-04-20,P007,Smart Water Bottle,Sports,18,19.99,359.82
2024-04-20,P008,Coffee Beans Premium 250g,Grocery,57,12.99,740.43
2024-04-20,P009,Resistance Band Set,Sports,10,14.99,149.9
2024-04-20,P010,Face Moisturiser SPF50,Beauty,27,18.99,512.73
2024-04-22,P001,Wireless Earbuds Pro,Electronics,17,29.99,509.83
2024-04-22,P002,Running Shoes X200,Footwear,7,59.99,419.93
2024-04-22,P003,Organic Green Tea (50 bags),Grocery,34,8.99,305.66
2024-04-22,P004,Yoga Mat Premium,Sports,6,24.99,149.94
2024-04-22,P005,USB-C Hub 7-in-1,Electronics,17,34.99,594.83
2024-04-22,P006,Protein Powder Vanilla 1kg,Health,17,39.99,679.83
2024-04-22,P007,Smart Water Bottle,Sports,10,19.99,199.9
2024-04-22,P008,Coffee Beans Premium 250g,Grocery,45,12.99,584.55
2024-04-22,P009,Resistance Band Set,Sports,8,14.99,119.92
2024-04-22,P010,Face Moisturiser SPF50,Beauty,15,18.99,284.85
2024-04-23,P001,Wireless Earbuds Pro,Electronics,17,29.99,509.83
2024-04-23,P002,Running Shoes X200,Footwear,9,59.99,539.91
2024-04-23,P003,Organic Green Tea (50 bags),Grocery,30,8.99,269.7
2024-04-23,P004,Yoga Mat Premium,Sports,9,24.99,224.91
2024-04-23,P005,USB-C Hub 7-in-1,Electronics,12,34.99,419.88
2024-04-23,P006,Protein Powder Vanilla 1kg,Health,16,39.99,639.84
2024-04-23,P007,Smart Water Bottle,Sports,17,19.99,339.83
2024-04-23,P008,Coffee Beans Premium 250g,Grocery,33,12.99,428.67
2024-04-23,P009,Resistance Band Set,Sports,13,14.99,194.87
2024-04-23,P010,Face Moisturiser SPF50,Beauty,16,18.99,303.84
2024-04-24,P001,Wireless Earbuds Pro,Electronics,15,29.99,449.85
2024-04-24,P002,Running Shoes X200,Footwear,8,59.99,479.92
2024-04-24,P003,Organic Green Tea (50 bags),Grocery,32,8.99,287.68
2024-04-24,P004,Yoga Mat Premium,Sports,4,24.99,99.96
2024-04-24,P005,USB-C Hub 7-in-1,Electronics,9,34.99,314.91
2024-04-24,P006,Protein Powder Vanilla 1kg,Health,16,39.99,639.84
2024-04-24,P007,Smart Water Bottle,Sports,13,19.99,259.87
2024-04-24,P008,Coffee Beans Premium 250g,Grocery,43,12.99,558.57
2024-04-24,P009,Resistance Band Set,Sports,18,14.99,269.82
2024-04-24,P010,Face Moisturiser SPF50,Beauty,16,18.99,303.84
2024-04-25,P001,Wireless Earbuds Pro,Electronics,10,29.99,299.9
2024-04-25,P002,Running Shoes X200,Footwear,4,59.99,239.96
2024-04-25,P003,Organic Green Tea (50 bags),Grocery,37,8.99,332.63
2024-04-25,P004,Yoga Mat Premium,Sports,7,24.99,174.93
2024-04-25,P005,USB-C Hub 7-in-1,Electronics,10,34.99,349.9
2024-04-25,P006,Protein Powder Vanilla 1kg,Health,15,39.99,599.85
2024-04-25,P007,Smart Water Bottle,Sports,16,19.99,319.84
2024-04-25,P008,Coffee Beans Premium 250g,Grocery,39,12.99,506.61
2024-04-25,P009,Resistance Band Set,Sports,12,14.99,179.88
2024-04-25,P010,Face Moisturiser SPF50,Beauty,15,18.99,284.85
2024-04-26,P001,Wireless Earbuds Pro,Electronics,17,29.99,509.83
2024-04-26,P002,Running Shoes X200,Footwear,10,59.99,599.9
2024-04-26,P003,Organic Green Tea (50 bags),Grocery,29,8.99,260.71
2024-04-26,P004,Yoga Mat Premium,Sports,10,24.99,249.9
2024-04-26,P005,USB-C Hub 7-in-1,Electronics,12,34.99,419.88
2024-04-26,P006,Protein Powder Vanilla 1kg,Health,21,39.99,839.79
2024-04-26,P007,Smart Water Bottle,Sports,12,19.99,239.88
2024-04-26,P008,Coffee Beans Premium 250g,Grocery,30,12.99,389.7
2024-04-26,P009,Resistance Band Set,Sports,12,14.99,179.88
2024-04-26,P010,Face Moisturiser SPF50,Beauty,20,18.99,379.8
2024-04-27,P001,Wireless Earbuds Pro,Electronics,18,29.99,539.82
2024-04-27,P002,Running Shoes X200,Footwear,12,59.99,719.88
2024-04-27,P003,Organic Green Tea (50 bags),Grocery,28,8.99,251.72
2024-04-27,P004,Yoga Mat Premium,Sports,7,24.99,174.93
2024-04-27,P005,USB-C Hub 7-in-1,Electronics,18,34.99,629.82
2024-04-27,P006,Protein Powder Vanilla 1kg,Health,25,39.99,999.75
2024-04-27,P007,Smart Water Bottle,Sports,14,19.99,279.86
2024-04-27,P008,Coffee Beans Premium 250g,Grocery,40,12.99,519.6
2024-04-27,P009,Resistance Band Set,Sports,10,14.99,149.9
2024-04-27,P010,Face Moisturiser SPF50,Beauty,18,18.99,341.82
2024-04-29,P001,Wireless Earbuds Pro,Electronics,14,29.99,419.86
2024-04-29,P002,Running Shoes X200,Footwear,10,59.99,599.9
2024-04-29,P003,Organic Green Tea (50 bags),Grocery,27,8.99,242.73
2024-04-29,P004,Yoga Mat Premium,Sports,9,24.99,224.91
2024-04-29,P005,USB-C Hub 7-in-1,Electronics,17,34.99,594.83
2024-04-29,P006,Protein Powder Vanilla 1kg,Health,21,39.99,839.79
2024-04-29,P007,Smart Water Bottle,Sports,4,19.99,79.96
2024-04-29,P008,Coffee Beans Premium 250g,Grocery,41,12.99,532.59
2024-04-29,P009,Resistance Band Set,Sports,14,14.99,209.86
2024-04-29,P010,Face Moisturiser SPF50,Beauty,21,18.99,398.79
2024-04-30,P001,Wireless Earbuds Pro,Electronics,12,29.99,359.88
2024-04-30,P002,Running Shoes X200,Footwear,9,59.99,539.91
2024-04-30,P003,Organic Green Tea (50 bags),Grocery,29,8.99,260.71
2024-04-30,P004,Yoga Mat Premium,Sports,4,24.99,99.96
2024-04-30,P005,USB-C Hub 7-in-1,Electronics,17,34.99,594.83
2024-04-30,P006,Protein Powder Vanilla 1kg,Health,18,39.99,719.82
2024-04-30,P007,Smart Water Bottle,Sports,18,19.99,359.82
2024-04-30,P008,Coffee Beans Premium 250g,Grocery,43,12.99,558.57
2024-04-30,P009,Resistance Band Set,Sports,9,14.99,134.91
2024-04-30,P010,Face Moisturiser SPF50,Beauty,17,18.99,322.83
2024-05-01,P001,Wireless Earbuds Pro,Electronics,11,29.99,329.89
2024-05-01,P002,Running Shoes X200,Footwear,7,59.99,419.93
2024-05-01,P003,Organic Green Tea (50 bags),Grocery,28,8.99,251.72
2024-05-01,P004,Yoga Mat Premium,Sports,9,24.99,224.91
2024-05-01,P005,USB-C Hub 7-in-1,Electronics,11,34.99,384.89
2024-05-01,P006,Protein Powder Vanilla 1kg,Health,19,39.99,759.81
2024-05-01,P007,Smart Water Bottle,Sports,18,19.99,359.82
2024-05-01,P008,Coffee Beans Premium 250g,Grocery,32,12.99,415.68
2024-05-01,P009,Resistance Band Set,Sports,20,14.99,299.8
2024-05-01,P010,Face Moisturiser SPF50,Beauty,17,18.99,322.83
2024-05-02,P001,Wireless Earbuds Pro,Electronics,14,29.99,419.86
2024-05-02,P002,Running Shoes X200,Footwear,4,59.99,239.96
2024-05-02,P003,Organic Green Tea (50 bags),Grocery,34,8.99,305.66
2024-05-02,P004,Yoga Mat Premium,Sports,11,24.99,274.89
2024-05-02,P005,USB-C Hub 7-in-1,Electronics,6,34.99,209.94
2024-05-02,P006,Protein Powder Vanilla 1kg,Health,16,39.99,639.84
2024-05-02,P007,Smart Water Bottle,Sports,11,19.99,219.89
2024-05-02,P008,Coffee Beans Premium 250g,Grocery,35,12.99,454.65
2024-05-02,P009,Resistance Band Set,Sports,20,14.99,299.8
2024-05-02,P010,Face Moisturiser SPF50,Beauty,18,18.99,341.82
2024-05-03,P001,Wireless Earbuds Pro,Electronics,15,29.99,449.85
2024-05-03,P002,Running Shoes X200,Footwear,9,59.99,539.91
2024-05-03,P003,Organic Green Tea (50 bags),Grocery,29,8.99,260.71
2024-05-03,P004,Yoga Mat Premium,Sports,15,24.99,374.85
2024-05-03,P005,USB-C Hub 7-in-1,Electronics,5,34.99,174.95
2024-05-03,P006,Protein Powder Vanilla 1kg,Health,14,39.99,559.86
2024-05-03,P007,Smart Water Bottle,Sports,12,19.99,239.88
2024-05-03,P008,Coffee Beans Premium 250g,Grocery,46,12.99,597.54
2024-05-03,P009,Resistance Band Set,Sports,11,14.99,164.89
2024-05-03,P010,Face Moisturiser SPF50,Beauty,16,18.99,303.84
2024-05-04,P001,Wireless Earbuds Pro,Electronics,23,29.99,689.77
2024-05-04,P002,Running Shoes X200,Footwear,15,59.99,899.85
2024-05-04,P003,Organic Green Tea (50 bags),Grocery,38,8.99,341.62
2024-05-04,P004,Yoga Mat Premium,Sports,5,24.99,124.95
2024-05-04,P005,USB-C Hub 7-in-1,Electronics,16,34.99,559.84
2024-05-04,P006,Protein Powder Vanilla 1kg,Health,23,39.99,919.77
2024-05-04,P007,Smart Water Bottle,Sports,20,19.99,399.8
2024-05-04,P008,Coffee Beans Premium 250g,Grocery,38,12.99,493.62
2024-05-04,P009,Resistance Band Set,Sports,17,14.99,254.83
2024-05-04,P010,Face Moisturiser SPF50,Beauty,24,18.99,455.76
2024-05-06,P001,Wireless Earbuds Pro,Electronics,18,29.99,539.82
2024-05-06,P002,Running Shoes X200,Footwear,9,59.99,539.91
2024-05-06,P003,Organic Green Tea (50 bags),Grocery,32,8.99,287.68
2024-05-06,P004,Yoga Mat Premium,Sports,11,24.99,274.89
2024-05-06,P005,USB-C Hub 7-in-1,Electronics,19,34.99,664.81
2024-05-06,P006,Protein Powder Vanilla 1kg,Health,18,39.99,719.82
2024-05-06,P007,Smart Water Bottle,Sports,8,19.99,159.92
2024-05-06,P008,Coffee Beans Premium 250g,Grocery,48,12.99,623.52
2024-05-06,P009,Resistance Band Set,Sports,18,14.99,269.82
2024-05-06,P010,Face Moisturiser SPF50,Beauty,15,18.99,284.85
2024-05-07,P001,Wireless Earbuds Pro,Electronics,15,29.99,449.85
2024-05-07,P002,Running Shoes X200,Footwear,9,59.99,539.91
2024-05-07,P003,Organic Green Tea (50 bags),Grocery,29,8.99,260.71
2024-05-07,P004,Yoga Mat Premium,Sports,4,24.99,99.96
2024-05-07,P005,USB-C Hub 7-in-1,Electronics,19,34.99,664.81
2024-05-07,P006,Protein Powder Vanilla 1kg,Health,21,39.99,839.79
2024-05-07,P007,Smart Water Bottle,Sports,11,19.99,219.89
2024-05-07,P008,Coffee Beans Premium 250g,Grocery,39,12.99,506.61
2024-05-07,P009,Resistance Band Set,Sports,7,14.99,104.93
2024-05-07,P010,Face Moisturiser SPF50,Beauty,16,18.99,303.84
2024-05-08,P001,Wireless Earbuds Pro,Electronics,10,29.99,299.9
2024-05-08,P002,Running Shoes X200,Footwear,13,59.99,779.87
2024-05-08,P003,Organic Green Tea (50 bags),Grocery,22,8.99,197.78
2024-05-08,P004,Yoga Mat Premium,Sports,7,24.99,174.93
2024-05-08,P005,USB-C Hub 7-in-1,Electronics,5,34.99,174.95
2024-05-08,P006,Protein Powder Vanilla 1kg,Health,18,39.99,719.82
2024-05-08,P007,Smart Water Bottle,Sports,14,19.99,279.86
2024-05-08,P008,Coffee Beans Premium 250g,Grocery,28,12.99,363.72
2024-05-08,P009,Resistance Band Set,Sports,12,14.99,179.88
2024-05-08,P010,Face Moisturiser SPF50,Beauty,22,18.99,417.78
2024-05-09,P001,Wireless Earbuds Pro,Electronics,21,29.99,629.79
2024-05-09,P002,Running Shoes X200,Footwear,12,59.99,719.88
2024-05-09,P003,Organic Green Tea (50 bags),Grocery,36,8.99,323.64
2024-05-09,P004,Yoga Mat Premium,Sports,9,24.99,224.91
2024-05-09,P005,USB-C Hub 7-in-1,Electronics,10,34.99,349.9
2024-05-09,P006,Protein Powder Vanilla 1kg,Health,18,39.99,719.82
2024-05-09,P007,Smart Water Bottle,Sports,12,19.99,239.88
2024-05-09,P008,Coffee Beans Premium 250g,Grocery,35,12.99,454.65
2024-05-09,P009,Resistance Band Set,Sports,14,14.99,209.86
2024-05-09,P010,Face Moisturiser SPF50,Beauty,12,18.99,227.88
2024-05-10,P001,Wireless Earbuds Pro,Electronics,18,29.99,539.82
2024-05-10,P002,Running Shoes X200,Footwear,10,59.99,599.9
2024-05-10,P003,Organic Green Tea (50 bags),Grocery,30,8.99,269.7
2024-05-10,P004,Yoga Mat Premium,Sports,11,24.99,274.89
2024-05-10,P005,USB-C Hub 7-in-1,Electronics,12,34.99,419.88
2024-05-10,P006,Protein Powder Vanilla 1kg,Health,24,39.99,959.76
2024-05-10,P007,Smart Water Bottle,Sports,9,19.99,179.91
2024-05-10,P008,Coffee Beans Premium 250g,Grocery,30,12.99,389.7
2024-05-10,P009,Resistance Band Set,Sports,10,14.99,149.9
2024-05-10,P010,Face Moisturiser SPF50,Beauty,19,18.99,360.81
2024-05-11,P001,Wireless Earbuds Pro,Electronics,13,29.99,389.87
2024-05-11,P002,Running Shoes X200,Footwear,10,59.99,599.9
2024-05-11,P003,Organic Green Tea (50 bags),Grocery,22,8.99,197.78
2024-05-11,P004,Yoga Mat Premium,Sports,12,24.99,299.88
2024-05-11,P005,USB-C Hub 7-in-1,Electronics,11,34.99,384.89
2024-05-11,P006,Protein Powder Vanilla 1kg,Health,20,39.99,799.8
2024-05-11,P007,Smart Water Bottle,Sports,18,19.99,359.82
2024-05-11,P008,Coffee Beans Premium 250g,Grocery,53,12.99,688.47
2024-05-11,P009,Resistance Band Set,Sports,19,14.99,284.81
2024-05-11,P010,Face Moisturiser SPF50,Beauty,30,18.99,569.7
2024-05-13,P001,Wireless Earbuds Pro,Electronics,11,29.99,329.89
2024-05-13,P002,Running Shoes X200,Footwear,8,59.99,479.92
2024-05-13,P003,Organic Green Tea (50 bags),Grocery,36,8.99,323.64
2024-05-13,P004,Yoga Mat Premium,Sports,12,24.99,299.88
2024-05-13,P005,USB-C Hub 7-in-1,Electronics,10,34.99,349.9
2024-05-13,P006,Protein Powder Vanilla 1kg,Health,17,39.99,679.83
2024-05-13,P007,Smart Water Bottle,Sports,10,19.99,199.9
2024-05-13,P008,Coffee Beans Premium 250g,Grocery,37,12.99,480.63
2024-05-13,P009,Resistance Band Set,Sports,17,14.99,254.83
2024-05-13,P010,Face Moisturiser SPF50,Beauty,13,18.99,246.87
2024-05-14,P001,Wireless Earbuds Pro,Electronics,18,29.99,539.82
2024-05-14,P002,Running Shoes X200,Footwear,7,59.99,419.93
2024-05-14,P003,Organic Green Tea (50 bags),Grocery,31,8.99,278.69
2024-05-14,P004,Yoga Mat Premium,Sports,11,24.99,274.89
2024-05-14,P005,USB-C Hub 7-in-1,Electronics,10,34.99,349.9
2024-05-14,P006,Protein Powder Vanilla 1kg,Health,20,39.99,799.8
2024-05-14,P007,Smart Water Bottle,Sports,13,19.99,259.87
2024-05-14,P008,Coffee Beans Premium 250g,Grocery,37,12.99,480.63
2024-05-14,P009,Resistance Band Set,Sports,14,14.99,209.86
2024-05-14,P010,Face Moisturiser SPF50,Beauty,15,18.99,284.85
2024-05-15,P001,Wireless Earbuds Pro,Electronics,8,29.99,239.92
2024-05-15,P002,Running Shoes X200,Footwear,11,59.99,659.89
2024-05-15,P003,Organic Green Tea (50 bags),Grocery,37,8.99,332.63
2024-05-15,P004,Yoga Mat Premium,Sports,3,24.99,74.97
2024-05-15,P005,USB-C Hub 7-in-1,Electronics,15,34.99,524.85
2024-05-15,P006,Protein Powder Vanilla 1kg,Health,23,39.99,919.77
2024-05-15,P007,Smart Water Bottle,Sports,11,19.99,219.89
2024-05-15,P008,Coffee Beans Premium 250g,Grocery,40,12.99,519.6
2024-05-15,P009,Resistance Band Set,Sports,20,14.99,299.8
2024-05-15,P010,Face Moisturiser SPF50,Beauty,17,18.99,322.83
2024-05-16,P001,Wireless Earbuds Pro,Electronics,8,29.99,239.92
2024-05-16,P002,Running Shoes X200,Footwear,11,59.99,659.89
2024-05-16,P003,Organic Green Tea (50 bags),Grocery,29,8.99,260.71
2024-05-16,P004,Yoga Mat Premium,Sports,6,24.99,149.94
2024-05-16,P005,USB-C Hub 7-in-1,Electronics,8,34.99,279.92
2024-05-16,P006,Protein Powder Vanilla 1kg,Health,15,39.99,599.85
2024-05-16,P007,Smart Water Bottle,Sports,8,19.99,159.92
2024-05-16,P008,Coffee Beans Premium 250g,Grocery,22,12.99,285.78
2024-05-16,P009,Resistance Band Set,Sports,15,14.99,224.85
2024-05-16,P010,Face Moisturiser SPF50,Beauty,19,18.99,360.81
2024-05-17,P001,Wireless Earbuds Pro,Electronics,19,29.99,569.81
2024-05-17,P002,Running Shoes X200,Footwear,8,59.99,479.92
2024-05-17,P003,Organic Green Tea (50 bags),Grocery,36,8.99,323.64
2024-05-17,P004,Yoga Mat Premium,Sports,4,24.99,99.96
2024-05-17,P005,USB-C Hub 7-in-1,Electronics,11,34.99,384.89
2024-05-17,P006,Protein Powder Vanilla 1kg,Health,17,39.99,679.83
2024-05-17,P007,Smart Water Bottle,Sports,11,19.99,219.89
2024-05-17,P008,Coffee Beans Premium 250g,Grocery,45,12.99,584.55
2024-05-17,P009,Resistance Band Set,Sports,13,14.99,194.87
2024-05-17,P010,Face Moisturiser SPF50,Beauty,10,18.99,189.9
2024-05-18,P001,Wireless Earbuds Pro,Electronics,17,29.99,509.83
2024-05-18,P002,Running Shoes X200,Footwear,16,59.99,959.84
2024-05-18,P003,Organic Green Tea (50 bags),Grocery,36,8.99,323.64
2024-05-18,P004,Yoga Mat Premium,Sports,15,24.99,374.85
2024-05-18,P005,USB-C Hub 7-in-1,Electronics,25,34.99,874.75
2024-05-18,P006,Protein Powder Vanilla 1kg,Health,24,39.99,959.76
2024-05-18,P007,Smart Water Bottle,Sports,19,19.99,379.81
2024-05-18,P008,Coffee Beans Premium 250g,Grocery,61,12.99,792.39
2024-05-18,P009,Resistance Band Set,Sports,12,14.99,179.88
2024-05-18,P010,Face Moisturiser SPF50,Beauty,20,18.99,379.8
2024-05-20,P001,Wireless Earbuds Pro,Electronics,13,29.99,389.87
2024-05-20,P002,Running Shoes X200,Footwear,10,59.99,599.9
2024-05-20,P003,Organic Green Tea (50 bags),Grocery,33,8.99,296.67
2024-05-20,P004,Yoga Mat Premium,Sports,11,24.99,274.89
2024-05-20,P005,USB-C Hub 7-in-1,Electronics,15,34.99,524.85
2024-05-20,P006,Protein Powder Vanilla 1kg,Health,24,39.99,959.76
2024-05-20,P007,Smart Water Bottle,Sports,15,19.99,299.85
2024-05-20,P008,Coffee Beans Premium 250g,Grocery,40,12.99,519.6
2024-05-20,P009,Resistance Band Set,Sports,15,14.99,224.85
2024-05-20,P010,Face Moisturiser SPF50,Beauty,16,18.99,303.84
2024-05-21,P001,Wireless Earbuds Pro,Electronics,15,29.99,449.85
2024-05-21,P002,Running Shoes X200,Footwear,5,59.99,299.95
2024-05-21,P003,Organic Green Tea (50 bags),Grocery,36,8.99,323.64
2024-05-21,P004,Yoga Mat Premium,Sports,8,24.99,199.92
2024-05-21,P005,USB-C Hub 7-in-1,Electronics,15,34.99,524.85
2024-05-21,P006,Protein Powder Vanilla 1kg,Health,20,39.99,799.8
2024-05-21,P007,Smart Water Bottle,Sports,13,19.99,259.87
2024-05-21,P008,Coffee Beans Premium 250g,Grocery,35,12.99,454.65
2024-05-21,P009,Resistance Band Set,Sports,12,14.99,179.88
2024-05-21,P010,Face Moisturiser SPF50,Beauty,15,18.99,284.85
2024-05-22,P001,Wireless Earbuds Pro,Electronics,16,29.99,479.84
2024-05-22,P002,Running Shoes X200,Footwear,12,59.99,719.88
2024-05-22,P003,Organic Green Tea (50 bags),Grocery,24,8.99,215.76
2024-05-22,P004,Yoga Mat Premium,Sports,3,24.99,74.97
2024-05-22,P005,USB-C Hub 7-in-1,Electronics,7,34.99,244.93
2024-05-22,P006,Protein Powder Vanilla 1kg,Health,23,39.99,919.77
2024-05-22,P007,Smart Water Bottle,Sports,10,19.99,199.9
2024-05-22,P008,Coffee Beans Premium 250g,Grocery,39,12.99,506.61
2024-05-22,P009,Resistance Band Set,Sports,11,14.99,164.89
2024-05-22,P010,Face Moisturiser SPF50,Beauty,18,18.99,341.82
2024-05-23,P001,Wireless Earbuds Pro,Electronics,12,29.99,359.88
2024-05-23,P002,Running Shoes X200,Footwear,7,59.99,419.93
2024-05-23,P003,Organic Green Tea (50 bags),Grocery,27,8.99,242.73
2024-05-23,P004,Yoga Mat Premium,Sports,5,24.99,124.95
2024-05-23,P005,USB-C Hub 7-in-1,Electronics,15,34.99,524.85
2024-05-23,P006,Protein Powder Vanilla 1kg,Health,28,39.99,1119.72
2024-05-23,P007,Smart Water Bottle,Sports,10,19.99,199.9
2024-05-23,P008,Coffee Beans Premium 250g,Grocery,48,12.99,623.52
2024-05-23,P009,Resistance Band Set,Sports,16,14.99,239.84
2024-05-23,P010,Face Moisturiser SPF50,Beauty,14,18.99,265.86
2024-05-24,P001,Wireless Earbuds Pro,Electronics,16,29.99,479.84
2024-05-24,P002,Running Shoes X200,Footwear,13,59.99,779.87
2024-05-24,P003,Organic Green Tea (50 bags),Grocery,21,8.99,188.79
2024-05-24,P004,Yoga Mat Premium,Sports,9,24.99,224.91
2024-05-24,P005,USB-C Hub 7-in-1,Electronics,9,34.99,314.91
2024-05-24,P006,Protein Powder Vanilla 1kg,Health,16,39.99,639.84
2024-05-24,P007,Smart Water Bottle,Sports,8,19.99,159.92
2024-05-24,P008,Coffee Beans Premium 250g,Grocery,28,12.99,363.72
2024-05-24,P009,Resistance Band Set,Sports,15,14.99,224.85
2024-05-24,P010,Face Moisturiser SPF50,Beauty,19,18.99,360.81
2024-05-25,P001,Wireless Earbuds Pro,Electronics,14,29.99,419.86
2024-05-25,P002,Running Shoes X200,Footwear,12,59.99,719.88
2024-05-25,P003,Organic Green Tea (50 bags),Grocery,41,8.99,368.59
2024-05-25,P004,Yoga Mat Premium,Sports,7,24.99,174.93
2024-05-25,P005,USB-C Hub 7-in-1,Electronics,15,34.99,524.85
2024-05-25,P006,Protein Powder Vanilla 1kg,Health,19,39.99,759.81
2024-05-25,P007,Smart Water Bottle,Sports,14,19.99,279.86
2024-05-25,P008,Coffee Beans Premium 250g,Grocery,50,12.99,649.5
2024-05-25,P009,Resistance Band Set,Sports,14,14.99,209.86
2024-05-25,P010,Face Moisturiser SPF50,Beauty,28,18.99,531.72
2024-05-27,P001,Wireless Earbuds Pro,Electronics,20,29.99,599.8
2024-05-27,P002,Running Shoes X200,Footwear,9,59.99,539.91
2024-05-27,P003,Organic Green Tea (50 bags),Grocery,30,8.99,269.7
2024-05-27,P004,Yoga Mat Premium,Sports,6,24.99,149.94
2024-05-27,P005,USB-C Hub 7-in-1,Electronics,15,34.99,524.85
2024-05-27,P006,Protein Powder Vanilla 1kg,Health,14,39.99,559.86
2024-05-27,P007,Smart Water Bottle,Sports,8,19.99,159.92
2024-05-27,P008,Coffee Beans Premium 250g,Grocery,40,12.99,519.6
2024-05-27,P009,Resistance Band Set,Sports,13,14.99,194.87
2024-05-27,P010,Face Moisturiser SPF50,Beauty,17,18.99,322.83
2024-05-28,P001,Wireless Earbuds Pro,Electronics,18,29.99,539.82
2024-05-28,P002,Running Shoes X200,Footwear,13,59.99,779.87
2024-05-28,P003,Organic Green Tea (50 bags),Grocery,28,8.99,251.72
2024-05-28,P004,Yoga Mat Premium,Sports,5,24.99,124.95
2024-05-28,P005,USB-C Hub 7-in-1,Electronics,18,34.99,629.82
2024-05-28,P006,Protein Powder Vanilla 1kg,Health,18,39.99,719.82
2024-05-28,P007,Smart Water Bottle,Sports,12,19.99,239.88
2024-05-28,P008,Coffee Beans Premium 250g,Grocery,43,12.99,558.57
2024-05-28,P009,Resistance Band Set,Sports,16,14.99,239.84
2024-05-28,P010,Face Moisturiser SPF50,Beauty,12,18.99,227.88
2024-05-29,P001,Wireless Earbuds Pro,Electronics,19,29.99,569.81
2024-05-29,P002,Running Shoes X200,Footwear,7,59.99,419.93
2024-05-29,P003,Organic Green Tea (50 bags),Grocery,33,8.99,296.67
2024-05-29,P004,Yoga Mat Premium,Sports,9,24.99,224.91
2024-05-29,P005,USB-C Hub 7-in-1,Electronics,11,34.99,384.89
2024-05-29,P006,Protein Powder Vanilla 1kg,Health,19,39.99,759.81
2024-05-29,P007,Smart Water Bottle,Sports,15,19.99,299.85
2024-05-29,P008,Coffee Beans Premium 250g,Grocery,41,12.99,532.59
2024-05-29,P009,Resistance Band Set,Sports,10,14.99,149.9
2024-05-29,P010,Face Moisturiser SPF50,Beauty,20,18.99,379.8
2024-05-30,P001,Wireless Earbuds Pro,Electronics,17,29.99,509.83
2024-05-30,P002,Running Shoes X200,Footwear,12,59.99,719.88
2024-05-30,P003,Organic Green Tea (50 bags),Grocery,31,8.99,278.69
2024-05-30,P004,Yoga Mat Premium,Sports,12,24.99,299.88
2024-05-30,P005,USB-C Hub 7-in-1,Electronics,11,34.99,384.89
2024-05-30,P006,Protein Powder Vanilla 1kg,Health,12,39.99,479.88
2024-05-30,P007,Smart Water Bottle,Sports,10,19.99,199.9
2024-05-30,P008,Coffee Beans Premium 250g,Grocery,29,12.99,376.71
2024-05-30,P009,Resistance Band Set,Sports,18,14.99,269.82
2024-05-30,P010,Face Moisturiser SPF50,Beauty,15,18.99,284.85
2024-05-31,P001,Wireless Earbuds Pro,Electronics,17,29.99,509.83
2024-05-31,P002,Running Shoes X200,Footwear,10,59.99,599.9
2024-05-31,P003,Organic Green Tea (50 bags),Grocery,26,8.99,233.74
2024-05-31,P004,Yoga Mat Premium,Sports,9,24.99,224.91
2024-05-31,P005,USB-C Hub 7-in-1,Electronics,17,34.99,594.83
2024-05-31,P006,Protein Powder Vanilla 1kg,Health,17,39.99,679.83
2024-05-31,P007,Smart Water Bottle,Sports,10,19.99,199.9
2024-05-31,P008,Coffee Beans Premium 250g,Grocery,33,12.99,428.67
2024-05-31,P009,Resistance Band Set,Sports,13,14.99,194.87
2024-05-31,P010,Face Moisturiser SPF50,Beauty,14,18.99,265.86
2024-06-01,P001,Wireless Earbuds Pro,Electronics,20,29.99,599.8
2024-06-01,P002,Running Shoes X200,Footwear,17,59.99,1019.83
2024-06-01,P003,Organic Green Tea (50 bags),Grocery,44,8.99,395.56
2024-06-01,P004,Yoga Mat Premium,Sports,17,24.99,424.83
2024-06-01,P005,USB-C Hub 7-in-1,Electronics,10,34.99,349.9
2024-06-01,P006,Protein Powder Vanilla 1kg,Health,17,39.99,679.83
2024-06-01,P007,Smart Water Bottle,Sports,18,19.99,359.82
2024-06-01,P008,Coffee Beans Premium 250g,Grocery,57,12.99,740.43
2024-06-01,P009,Resistance Band Set,Sports,28,14.99,419.72
2024-06-01,P010,Face Moisturiser SPF50,Beauty,26,18.99,493.74
2024-06-03,P001,Wireless Earbuds Pro,Electronics,24,29.99,719.76
2024-06-03,P002,Running Shoes X200,Footwear,7,59.99,419.93
2024-06-03,P003,Organic Green Tea (50 bags),Grocery,38,8.99,341.62
2024-06-03,P004,Yoga Mat Premium,Sports,11,24.99,274.89
2024-06-03,P005,USB-C Hub 7-in-1,Electronics,12,34.99,419.88
2024-06-03,P006,Protein Powder Vanilla 1kg,Health,24,39.99,959.76
2024-06-03,P007,Smart Water Bottle,Sports,10,19.99,199.9
2024-06-03,P008,Coffee Beans Premium 250g,Grocery,37,12.99,480.63
2024-06-03,P009,Resistance Band Set,Sports,12,14.99,179.88
2024-06-03,P010,Face Moisturiser SPF50,Beauty,25,18.99,474.75
2024-06-04,P001,Wireless Earbuds Pro,Electronics,17,29.99,509.83
2024-06-04,P002,Running Shoes X200,Footwear,11,59.99,659.89
2024-06-04,P003,Organic Green Tea (50 bags),Grocery,25,8.99,224.75
2024-06-04,P004,Yoga Mat Premium,Sports,6,24.99,149.94
2024-06-04,P005,USB-C Hub 7-in-1,Electronics,16,34.99,559.84
2024-06-04,P006,Protein Powder Vanilla 1kg,Health,16,39.99,639.84
2024-06-04,P007,Smart Water Bottle,Sports,10,19.99,199.9
2024-06-04,P008,Coffee Beans Premium 250g,Grocery,39,12.99,506.61
2024-06-04,P009,Resistance Band Set,Sports,19,14.99,284.81
2024-06-04,P010,Face Moisturiser SPF50,Beauty,15,18.99,284.85
2024-06-05,P001,Wireless Earbuds Pro,Electronics,17,29.99,509.83
2024-06-05,P002,Running Shoes X200,Footwear,5,59.99,299.95
2024-06-05,P003,Organic Green Tea (50 bags),Grocery,34,8.99,305.66
2024-06-05,P004,Yoga Mat Premium,Sports,7,24.99,174.93
2024-06-05,P005,USB-C Hub 7-in-1,Electronics,10,34.99,349.9
2024-06-05,P006,Protein Powder Vanilla 1kg,Health,21,39.99,839.79
2024-06-05,P007,Smart Water Bottle,Sports,10,19.99,199.9
2024-06-05,P008,Coffee Beans Premium 250g,Grocery,35,12.99,454.65
2024-06-05,P009,Resistance Band Set,Sports,15,14.99,224.85
2024-06-05,P010,Face Moisturiser SPF50,Beauty,23,18.99,436.77
2024-06-06,P001,Wireless Earbuds Pro,Electronics,11,29.99,329.89
2024-06-06,P002,Running Shoes X200,Footwear,11,59.99,659.89
2024-06-06,P003,Organic Green Tea (50 bags),Grocery,30,8.99,269.7
2024-06-06,P004,Yoga Mat Premium,Sports,9,24.99,224.91
2024-06-06,P005,USB-C Hub 7-in-1,Electronics,13,34.99,454.87
2024-06-06,P006,Protein Powder Vanilla 1kg,Health,15,39.99,599.85
2024-06-06,P007,Smart Water Bottle,Sports,12,19.99,239.88
2024-06-06,P008,Coffee Beans Premium 250g,Grocery,37,12.99,480.63
2024-06-06,P009,Resistance Band Set,Sports,13,14.99,194.87
2024-06-06,P010,Face Moisturiser SPF50,Beauty,20,18.99,379.8
2024-06-07,P001,Wireless Earbuds Pro,Electronics,21,29.99,629.79
2024-06-07,P002,Running Shoes X200,Footwear,13,59.99,779.87
2024-06-07,P003,Organic Green Tea (50 bags),Grocery,23,8.99,206.77
2024-06-07,P004,Yoga Mat Premium,Sports,8,24.99,199.92
2024-06-07,P005,USB-C Hub 7-in-1,Electronics,9,34.99,314.91
2024-06-07,P006,Protein Powder Vanilla 1kg,Health,26,39.99,1039.74
2024-06-07,P007,Smart Water Bottle,Sports,10,19.99,199.9
2024-06-07,P008,Coffee Beans Premium 250g,Grocery,23,12.99,298.77
2024-06-07,P009,Resistance Band Set,Sports,15,14.99,224.85
2024-06-07,P010,Face Moisturiser SPF50,Beauty,19,18.99,360.81
2024-06-08,P001,Wireless Earbuds Pro,Electronics,17,29.99,509.83
2024-06-08,P002,Running Shoes X200,Footwear,16,59.99,959.84
2024-06-08,P003,Organic Green Tea (50 bags),Grocery,35,8.99,314.65
2024-06-08,P004,Yoga Mat Premium,Sports,19,24.99,474.81
2024-06-08,P005,USB-C Hub 7-in-1,Electronics,14,34.99,489.86
2024-06-08,P006,Protein Powder Vanilla 1kg,Health,17,39.99,679.83
2024-06-08,P007,Smart Water Bottle,Sports,12,19.99,239.88
2024-06-08,P008,Coffee Beans Premium 250g,Grocery,61,12.99,792.39
2024-06-08,P009,Resistance Band Set,Sports,25,14.99,374.75
2024-06-08,P010,Face Moisturiser SPF50,Beauty,28,18.99,531.72
2024-06-10,P001,Wireless Earbuds Pro,Electronics,17,29.99,509.83
2024-06-10,P002,Running Shoes X200,Footwear,5,59.99,299.95
2024-06-10,P003,Organic Green Tea (50 bags),Grocery,37,8.99,332.63
2024-06-10,P004,Yoga Mat Premium,Sports,7,24.99,174.93
2024-06-10,P005,USB-C Hub 7-in-1,Electronics,20,34.99,699.8
2024-06-10,P006,Protein Powder Vanilla 1kg,Health,8,39.99,319.92
2024-06-10,P007,Smart Water Bottle,Sports,13,19.99,259.87
2024-06-10,P008,Coffee Beans Premium 250g,Grocery,44,12.99,571.56
2024-06-10,P009,Resistance Band Set,Sports,10,14.99,149.9
2024-06-10,P010,Face Moisturiser SPF50,Beauty,19,18.99,360.81
2024-06-11,P001,Wireless Earbuds Pro,Electronics,13,29.99,389.87
2024-06-11,P002,Running Shoes X200,Footwear,11,59.99,659.89
2024-06-11,P003,Organic Green Tea (50 bags),Grocery,27,8.99,242.73
2024-06-11,P004,Yoga Mat Premium,Sports,13,24.99,324.87
2024-06-11,P005,USB-C Hub 7-in-1,Electronics,13,34.99,454.87
2024-06-11,P006,Protein Powder Vanilla 1kg,Health,19,39.99,759.81
2024-06-11,P007,Smart Water Bottle,Sports,12,19.99,239.88
2024-06-11,P008,Coffee Beans Premium 250g,Grocery,53,12.99,688.47
2024-06-11,P009,Resistance Band Set,Sports,18,14.99,269.82
2024-06-11,P010,Face Moisturiser SPF50,Beauty,17,18.99,322.83
2024-06-12,P001,Wireless Earbuds Pro,Electronics,12,29.99,359.88
2024-06-12,P002,Running Shoes X200,Footwear,8,59.99,479.92
2024-06-12,P003,Organic Green Tea (50 bags),Grocery,21,8.99,188.79
2024-06-12,P004,Yoga Mat Premium,Sports,3,24.99,74.97
2024-06-12,P005,USB-C Hub 7-in-1,Electronics,12,34.99,419.88
2024-06-12,P006,Protein Powder Vanilla 1kg,Health,23,39.99,919.77
2024-06-12,P007,Smart Water Bottle,Sports,17,19.99,339.83
2024-06-12,P008,Coffee Beans Premium 250g,Grocery,45,12.99,584.55
2024-06-12,P009,Resistance Band Set,Sports,16,14.99,239.84
2024-06-12,P010,Face Moisturiser SPF50,Beauty,13,18.99,246.87
2024-06-13,P001,Wireless Earbuds Pro,Electronics,14,29.99,419.86
2024-06-13,P002,Running Shoes X200,Footwear,6,59.99,359.94
2024-06-13,P003,Organic Green Tea (50 bags),Grocery,30,8.99,269.7
2024-06-13,P004,Yoga Mat Premium,Sports,4,24.99,99.96
2024-06-13,P005,USB-C Hub 7-in-1,Electronics,6,34.99,209.94
2024-06-13,P006,Protein Powder Vanilla 1kg,Health,13,39.99,519.87
2024-06-13,P007,Smart Water Bottle,Sports,14,19.99,279.86
2024-06-13,P008,Coffee Beans Premium 250g,Grocery,40,12.99,519.6
2024-06-13,P009,Resistance Band Set,Sports,10,14.99,149.9
2024-06-13,P010,Face Moisturiser SPF50,Beauty,22,18.99,417.78
2024-06-14,P001,Wireless Earbuds Pro,Electronics,19,29.99,569.81
2024-06-14,P002,Running Shoes X200,Footwear,9,59.99,539.91
2024-06-14,P003,Organic Green Tea (50 bags),Grocery,21,8.99,188.79
2024-06-14,P004,Yoga Mat Premium,Sports,13,24.99,324.87
2024-06-14,P005,USB-C Hub 7-in-1,Electronics,3,34.99,104.97
2024-06-14,P006,Protein Powder Vanilla 1kg,Health,11,39.99,439.89
2024-06-14,P007,Smart Water Bottle,Sports,7,19.99,139.93
2024-06-14,P008,Coffee Beans Premium 250g,Grocery,34,12.99,441.66
2024-06-14,P009,Resistance Band Set,Sports,14,14.99,209.86
2024-06-14,P010,Face Moisturiser SPF50,Beauty,20,18.99,379.8
2024-06-15,P001,Wireless Earbuds Pro,Electronics,22,29.99,659.78
2024-06-15,P002,Running Shoes X200,Footwear,11,59.99,659.89
2024-06-15,P003,Organic Green Tea (50 bags),Grocery,48,8.99,431.52
2024-06-15,P004,Yoga Mat Premium,Sports,5,24.99,124.95
2024-06-15,P005,USB-C Hub 7-in-1,Electronics,24,34.99,839.76
2024-06-15,P006,Protein Powder Vanilla 1kg,Health,22,39.99,879.78
2024-06-15,P007,Smart Water Bottle,Sports,15,19.99,299.85
2024-06-15,P008,Coffee Beans Premium 250g,Grocery,54,12.99,701.46
2024-06-15,P009,Resistance Band Set,Sports,11,14.99,164.89
2024-06-15,P010,Face Moisturiser SPF50,Beauty,24,18.99,455.76
2024-06-17,P001,Wireless Earbuds Pro,Electronics,16,29.99,479.84
2024-06-17,P002,Running Shoes X200,Footwear,7,59.99,419.93
2024-06-17,P003,Organic Green Tea (50 bags),Grocery,37,8.99,332.63
2024-06-17,P004,Yoga Mat Premium,Sports,12,24.99,299.88
2024-06-17,P005,USB-C Hub 7-in-1,Electronics,7,34.99,244.93
2024-06-17,P006,Protein Powder Vanilla 1kg,Health,18,39.99,719.82
2024-06-17,P007,Smart Water Bottle,Sports,13,19.99,259.87
2024-06-17,P008,Coffee Beans Premium 250g,Grocery,41,12.99,532.59
2024-06-17,P009,Resistance Band Set,Sports,11,14.99,164.89
2024-06-17,P010,Face Moisturiser SPF50,Beauty,22,18.99,417.78
2024-06-18,P001,Wireless Earbuds Pro,Electronics,23,29.99,689.77
2024-06-18,P002,Running Shoes X200,Footwear,4,59.99,239.96
2024-06-18,P003,Organic Green Tea (50 bags),Grocery,31,8.99,278.69
2024-06-18,P004,Yoga Mat Premium,Sports,5,24.99,124.95
2024-06-18,P005,USB-C Hub 7-in-1,Electronics,11,34.99,384.89
2024-06-18,P006,Protein Powder Vanilla 1kg,Health,24,39.99,959.76
2024-06-18,P007,Smart Water Bottle,Sports,13,19.99,259.87
2024-06-18,P008,Coffee Beans Premium 250g,Grocery,38,12.99,493.62
2024-06-18,P009,Resistance Band Set,Sports,10,14.99,149.9
2024-06-18,P010,Face Moisturiser SPF50,Beauty,18,18.99,341.82
2024-06-19,P001,Wireless Earbuds Pro,Electronics,16,29.99,479.84
2024-06-19,P002,Running Shoes X200,Footwear,10,59.99,599.9
2024-06-19,P003,Organic Green Tea (50 bags),Grocery,44,8.99,395.56
2024-06-19,P004,Yoga Mat Premium,Sports,7,24.99,174.93
2024-06-19,P005,USB-C Hub 7-in-1,Electronics,12,34.99,419.88
2024-06-19,P006,Protein Powder Vanilla 1kg,Health,12,39.99,479.88
2024-06-19,P007,Smart Water Bottle,Sports,6,19.99,119.94
2024-06-19,P008,Coffee Beans Premium 250g,Grocery,50,12.99,649.5
2024-06-19,P009,Resistance Band Set,Sports,14,14.99,209.86
2024-06-19,P010,Face Moisturiser SPF50,Beauty,19,18.99,360.81
2024-06-20,P001,Wireless Earbuds Pro,Electronics,11,29.99,329.89
2024-06-20,P002,Running Shoes X200,Footwear,14,59.99,839.86
2024-06-20,P003,Organic Green Tea (50 bags),Grocery,34,8.99,305.66
2024-06-20,P004,Yoga Mat Premium,Sports,3,24.99,74.97
2024-06-20,P005,USB-C Hub 7-in-1,Electronics,13,34.99,454.87
2024-06-20,P006,Protein Powder Vanilla 1kg,Health,20,39.99,799.8
2024-06-20,P007,Smart Water Bottle,Sports,12,19.99,239.88
2024-06-20,P008,Coffee Beans Premium 250g,Grocery,40,12.99,519.6
2024-06-20,P009,Resistance Band Set,Sports,14,14.99,209.86
2024-06-20,P010,Face Moisturiser SPF50,Beauty,13,18.99,246.87
2024-06-21,P001,Wireless Earbuds Pro,Electronics,10,29.99,299.9
2024-06-21,P002,Running Shoes X200,Footwear,9,59.99,539.91
2024-06-21,P003,Organic Green Tea (50 bags),Grocery,36,8.99,323.64
2024-06-21,P004,Yoga Mat Premium,Sports,5,24.99,124.95
2024-06-21,P005,USB-C Hub 7-in-1,Electronics,14,34.99,489.86
2024-06-21,P006,Protein Powder Vanilla 1kg,Health,22,39.99,879.78
2024-06-21,P007,Smart Water Bottle,Sports,17,19.99,339.83
2024-06-21,P008,Coffee Beans Premium 250g,Grocery,42,12.99,545.58
2024-06-21,P009,Resistance Band Set,Sports,14,14.99,209.86
2024-06-21,P010,Face Moisturiser SPF50,Beauty,16,18.99,303.84
2024-06-22,P001,Wireless Earbuds Pro,Electronics,15,29.99,449.85
2024-06-22,P002,Running Shoes X200,Footwear,8,59.99,479.92
2024-06-22,P003,Organic Green Tea (50 bags),Grocery,44,8.99,395.56
2024-06-22,P004,Yoga Mat Premium,Sports,13,24.99,324.87
2024-06-22,P005,USB-C Hub 7-in-1,Electronics,14,34.99,489.86
2024-06-22,P006,Protein Powder Vanilla 1kg,Health,25,39.99,999.75
2024-06-22,P007,Smart Water Bottle,Sports,11,19.99,219.89
2024-06-22,P008,Coffee Beans Premium 250g,Grocery,50,12.99,649.5
2024-06-22,P009,Resistance Band Set,Sports,21,14.99,314.79
2024-06-22,P010,Face Moisturiser SPF50,Beauty,18,18.99,341.82
2024-06-24,P001,Wireless Earbuds Pro,Electronics,14,29.99,419.86
2024-06-24,P002,Running Shoes X200,Footwear,10,59.99,599.9
2024-06-24,P003,Organic Green Tea (50 bags),Grocery,34,8.99,305.66
2024-06-24,P004,Yoga Mat Premium,Sports,8,24.99,199.92
2024-06-24,P005,USB-C Hub 7-in-1,Electronics,16,34.99,559.84
2024-06-24,P006,Protein Powder Vanilla 1kg,Health,20,39.99,799.8
2024-06-24,P007,Smart Water Bottle,Sports,13,19.99,259.87
2024-06-24,P008,Coffee Beans Premium 250g,Grocery,38,12.99,493.62
2024-06-24,P009,Resistance Band Set,Sports,19,14.99,284.81
2024-06-24,P010,Face Moisturiser SPF50,Beauty,15,18.99,284.85
2024-06-25,P001,Wireless Earbuds Pro,Electronics,14,29.99,419.86
2024-06-25,P002,Running Shoes X200,Footwear,7,59.99,419.93
2024-06-25,P003,Organic Green Tea (50 bags),Grocery,27,8.99,242.73
2024-06-25,P004,Yoga Mat Premium,Sports,6,24.99,149.94
2024-06-25,P005,USB-C Hub 7-in-1,Electronics,15,34.99,524.85
2024-06-25,P006,Protein Powder Vanilla 1kg,Health,21,39.99,839.79
2024-06-25,P007,Smart Water Bottle,Sports,13,19.99,259.87
2024-06-25,P008,Coffee Beans Premium 250g,Grocery,33,12.99,428.67
2024-06-25,P009,Resistance Band Set,Sports,17,14.99,254.83
2024-06-25,P010,Face Moisturiser SPF50,Beauty,22,18.99,417.78
2024-06-26,P001,Wireless Earbuds Pro,Electronics,20,29.99,599.8
2024-06-26,P002,Running Shoes X200,Footwear,8,59.99,479.92
2024-06-26,P003,Organic Green Tea (50 bags),Grocery,24,8.99,215.76
2024-06-26,P004,Yoga Mat Premium,Sports,4,24.99,99.96
2024-06-26,P005,USB-C Hub 7-in-1,Electronics,13,34.99,454.87
2024-06-26,P006,Protein Powder Vanilla 1kg,Health,20,39.99,799.8
2024-06-26,P007,Smart Water Bottle,Sports,10,19.99,199.9
2024-06-26,P008,Coffee Beans Premium 250g,Grocery,28,12.99,363.72
2024-06-26,P009,Resistance Band Set,Sports,14,14.99,209.86
2024-06-26,P010,Face Moisturiser SPF50,Beauty,17,18.99,322.83
2024-06-27,P001,Wireless Earbuds Pro,Electronics,17,29.99,509.83
2024-06-27,P002,Running Shoes X200,Footwear,14,59.99,839.86
2024-06-27,P003,Organic Green Tea (50 bags),Grocery,27,8.99,242.73
2024-06-27,P004,Yoga Mat Premium,Sports,5,24.99,124.95
2024-06-27,P005,USB-C Hub 7-in-1,Electronics,13,34.99,454.87
2024-06-27,P006,Protein Powder Vanilla 1kg,Health,14,39.99,559.86
2024-06-27,P007,Smart Water Bottle,Sports,15,19.99,299.85
2024-06-27,P008,Coffee Beans Premium 250g,Grocery,39,12.99,506.61
2024-06-27,P009,Resistance Band Set,Sports,13,14.99,194.87
2024-06-27,P010,Face Moisturiser SPF50,Beauty,19,18.99,360.81
2024-06-28,P001,Wireless Earbuds Pro,Electronics,15,29.99,449.85
2024-06-28,P002,Running Shoes X200,Footwear,6,59.99,359.94
2024-06-28,P003,Organic Green Tea (50 bags),Grocery,32,8.99,287.68
2024-06-28,P004,Yoga Mat Premium,Sports,12,24.99,299.88
2024-06-28,P005,USB-C Hub 7-in-1,Electronics,16,34.99,559.84
2024-06-28,P006,Protein Powder Vanilla 1kg,Health,17,39.99,679.83
2024-06-28,P007,Smart Water Bottle,Sports,16,19.99,319.84
2024-06-28,P008,Coffee Beans Premium 250g,Grocery,44,12.99,571.56
2024-06-28,P009,Resistance Band Set,Sports,11,14.99,164.89
2024-06-28,P010,Face Moisturiser SPF50,Beauty,7,18.99,132.93
2024-06-29,P001,Wireless Earbuds Pro,Electronics,19,29.99,569.81
2024-06-29,P002,Running Shoes X200,Footwear,13,59.99,779.87
2024-06-29,P003,Organic Green Tea (50 bags),Grocery,33,8.99,296.67
2024-06-29,P004,Yoga Mat Premium,Sports,9,24.99,224.91
2024-06-29,P005,USB-C Hub 7-in-1,Electronics,17,34.99,594.83
2024-06-29,P006,Protein Powder Vanilla 1kg,Health,24,39.99,959.76
2024-06-29,P007,Smart Water Bottle,Sports,17,19.99,339.83
2024-06-29,P008,Coffee Beans Premium 250g,Grocery,51,12.99,662.49
2024-06-29,P009,Resistance Band Set,Sports,14,14.99,209.86
2024-06-29,P010,Face Moisturiser SPF50,Beauty,14,18.99,265.86
